{
  "arch": "x86_64",
  "benchmarks": {
    "analyze/corpus": {
      "time_ns": {
        "minimum": 1.29121231e8,
        "median": 1.31932688e8,
        "mean": 1.3801540005405405e8,
        "maximum": 2.54543602e8,
        "std": 2.0793963035579436e7
      },
      "memory_bytes": 24044200,
      "allocations": 213164,
      "gc_time_ns": 4.971810297297297e6,
      "samples": 37
    },
    "calibration": {
      "time_ns": {
        "minimum": 617179.0,
        "median": 624935.0,
        "mean": 622826.2125591827,
        "maximum": 742783.0,
        "std": 4843.310224720434
      },
      "memory_bytes": 0,
      "allocations": 0,
      "gc_time_ns": 0.0,
      "samples": 8026
    },
    "parse/bash": {
      "time_ns": {
        "minimum": 821310.0,
        "median": 862818.0,
        "mean": 933254.3479376718,
        "maximum": 1.83131444e8,
        "std": 3.3781085091853584e6
      },
      "memory_bytes": 69280,
      "allocations": 891,
      "gc_time_ns": 9009.117140238313,
      "samples": 5455
    },
    "parse/c": {
      "time_ns": {
        "minimum": 919443.0,
        "median": 953616.0,
        "mean": 1.0162153209273948e6,
        "maximum": 7.260964e7,
        "std": 1.7192938244338408e6
      },
      "memory_bytes": 159744,
      "allocations": 1827,
      "gc_time_ns": 11942.847467968273,
      "samples": 4917
    },
    "parse/cpp": {
      "time_ns": {
        "minimum": 1.002097e6,
        "median": 1.021824e6,
        "mean": 1.083540126192541e6,
        "maximum": 6.1847222e7,
        "std": 1.5755911424368564e6
      },
      "memory_bytes": 161936,
      "allocations": 1866,
      "gc_time_ns": 12539.677146574155,
      "samples": 4612
    },
    "parse/go": {
      "time_ns": {
        "minimum": 873607.0,
        "median": 910266.0,
        "mean": 976389.3277310925,
        "maximum": 7.0968825e7,
        "std": 1.743770473709402e6
      },
      "memory_bytes": 164368,
      "allocations": 1908,
      "gc_time_ns": 12484.665819816299,
      "samples": 5117
    },
    "parse/java": {
      "time_ns": {
        "minimum": 991657.0,
        "median": 1.00894e6,
        "mean": 1.0697214196103618e6,
        "maximum": 6.5740484e7,
        "std": 1.5249329156913266e6
      },
      "memory_bytes": 162752,
      "allocations": 1837,
      "gc_time_ns": 12193.197602226504,
      "samples": 4671
    },
    "parse/javascript": {
      "time_ns": {
        "minimum": 1.014069e6,
        "median": 1.0325735e6,
        "mean": 1.1285647470641374e6,
        "maximum": 1.45153251e8,
        "std": 2.790810881589356e6
      },
      "memory_bytes": 179712,
      "allocations": 1980,
      "gc_time_ns": 46033.14769647697,
      "samples": 4428
    },
    "parse/julia": {
      "time_ns": {
        "minimum": 1.124595e6,
        "median": 1.1423485e6,
        "mean": 1.2538327137481184e6,
        "maximum": 1.34706031e8,
        "std": 2.6318132438587975e6
      },
      "memory_bytes": 352880,
      "allocations": 5026,
      "gc_time_ns": 55379.11966884094,
      "samples": 3986
    },
    "parse/php": {
      "time_ns": {
        "minimum": 1.159209e6,
        "median": 1.176697e6,
        "mean": 1.2827718924537988e6,
        "maximum": 1.3964679e8,
        "std": 2.9095800180980526e6
      },
      "memory_bytes": 166400,
      "allocations": 1845,
      "gc_time_ns": 45978.913757700204,
      "samples": 3896
    },
    "parse/python": {
      "time_ns": {
        "minimum": 885439.0,
        "median": 922228.0,
        "mean": 990118.7594133967,
        "maximum": 6.4657309e7,
        "std": 1.6225831864181121e6
      },
      "memory_bytes": 165168,
      "allocations": 1850,
      "gc_time_ns": 12654.485334918747,
      "samples": 5046
    },
    "parse/ruby": {
      "time_ns": {
        "minimum": 1.116801e6,
        "median": 1.133632e6,
        "mean": 1.2252761806815397e6,
        "maximum": 1.003945e8,
        "std": 2.526649289901441e6
      },
      "memory_bytes": 152568,
      "allocations": 1665,
      "gc_time_ns": 14879.12380485413,
      "samples": 4079
    },
    "parse/rust": {
      "time_ns": {
        "minimum": 1.03009e6,
        "median": 1.0492395e6,
        "mean": 1.1407756796803654e6,
        "maximum": 1.36840324e8,
        "std": 2.5863802846950083e6
      },
      "memory_bytes": 167632,
      "allocations": 1841,
      "gc_time_ns": 42500.13173515982,
      "samples": 4380
    },
    "parse/typescript": {
      "time_ns": {
        "minimum": 1.057991e6,
        "median": 1.078218e6,
        "mean": 1.1514726237327189e6,
        "maximum": 6.9498829e7,
        "std": 1.7267628389137308e6
      },
      "memory_bytes": 160928,
      "allocations": 1866,
      "gc_time_ns": 12712.239631336406,
      "samples": 4340
    },
    "stages/baseline": {
      "time_ns": {
        "minimum": 2.9739199e7,
        "median": 3.1238476e7,
        "mean": 3.134116980625e7,
        "maximum": 4.4127301e7,
        "std": 1.1459145012165757e6
      },
      "memory_bytes": 1177656,
      "allocations": 4851,
      "gc_time_ns": 80842.59375,
      "samples": 160
    },
    "stages/clones_exact": {
      "time_ns": {
        "minimum": 2.3923366e7,
        "median": 2.5579742e7,
        "mean": 2.558304398979592e7,
        "maximum": 2.7987527e7,
        "std": 747724.4497942355
      },
      "memory_bytes": 12188776,
      "allocations": 62505,
      "gc_time_ns": 796656.1275510204,
      "samples": 196
    },
    "stages/clones_near": {
      "time_ns": {
        "minimum": 6.03831794e8,
        "median": 6.07299714e8,
        "mean": 6.077611354444444e8,
        "maximum": 6.11888311e8,
        "std": 2.8997193524280977e6
      },
      "memory_bytes": 57900920,
      "allocations": 169343,
      "gc_time_ns": 2.884109e6,
      "samples": 9
    },
    "stages/cohesion": {
      "time_ns": {
        "minimum": 14326.0,
        "median": 15509.0,
        "mean": 20268.0015,
        "maximum": 1.0509898e7,
        "std": 138153.09063376926
      },
      "memory_bytes": 26568,
      "allocations": 305,
      "gc_time_ns": 2125.8502,
      "samples": 10000
    },
    "stages/corpus_graph": {
      "time_ns": {
        "minimum": 4.2492469e7,
        "median": 4.70135455e7,
        "mean": 4.812077839423077e7,
        "maximum": 7.7626158e7,
        "std": 5.047164111707823e6
      },
      "memory_bytes": 7435736,
      "allocations": 119031,
      "gc_time_ns": 516461.42307692306,
      "samples": 104
    },
    "stages/naturalness": {
      "time_ns": {
        "minimum": 4.7422359e7,
        "median": 4.85544895e7,
        "mean": 4.9096035450980395e7,
        "maximum": 6.650687e7,
        "std": 2.366857660835789e6
      },
      "memory_bytes": 5645448,
      "allocations": 56977,
      "gc_time_ns": 402923.93137254904,
      "samples": 102
    }
  },
  "cpu_threads": 4,
  "git": {
    "branch": "main",
    "commit": "fc19045373362daa1eec9304a46d12d7bddc8dc2",
    "dirty": true
  },
  "julia_version": "1.12.6",
  "os": "Linux",
  "timestamp": "2026-06-30T15:00:44Z"
}