{
  "arch": "x86_64",
  "benchmarks": {
    "analyze/corpus": {
      "time_ns": {
        "minimum": 1.36137829e8,
        "median": 1.40372892e8,
        "mean": 1.4884943717647058e8,
        "maximum": 2.92244111e8,
        "std": 2.7397260349067997e7
      },
      "memory_bytes": 25879472,
      "allocations": 233670,
      "gc_time_ns": 7.024784705882353e6,
      "samples": 34
    },
    "calibration": {
      "time_ns": {
        "minimum": 687589.0,
        "median": 692122.0,
        "mean": 691436.8449301425,
        "maximum": 819381.0,
        "std": 3791.4381463567306
      },
      "memory_bytes": 0,
      "allocations": 0,
      "gc_time_ns": 0.0,
      "samples": 7229
    },
    "parse/bash": {
      "time_ns": {
        "minimum": 809269.0,
        "median": 835963.0,
        "mean": 898711.8615107914,
        "maximum": 1.6098331e8,
        "std": 2.8803235627393746e6
      },
      "memory_bytes": 101288,
      "allocations": 1286,
      "gc_time_ns": 10685.985791366906,
      "samples": 5560
    },
    "parse/c": {
      "time_ns": {
        "minimum": 951152.0,
        "median": 977871.5,
        "mean": 1.0696906930650685e6,
        "maximum": 1.02627354e8,
        "std": 2.5272181525072544e6
      },
      "memory_bytes": 183984,
      "allocations": 2147,
      "gc_time_ns": 24229.61494006849,
      "samples": 4672
    },
    "parse/cpp": {
      "time_ns": {
        "minimum": 1.062366e6,
        "median": 1.089988e6,
        "mean": 1.2192894764576727e6,
        "maximum": 1.88183733e8,
        "std": 3.746469153012072e6
      },
      "memory_bytes": 188288,
      "allocations": 2223,
      "gc_time_ns": 60895.40766040498,
      "samples": 4099
    },
    "parse/go": {
      "time_ns": {
        "minimum": 861378.0,
        "median": 896140.5,
        "mean": 1.0120570048602673e6,
        "maximum": 1.87741032e8,
        "std": 3.498921460264452e6
      },
      "memory_bytes": 190912,
      "allocations": 2235,
      "gc_time_ns": 53237.739773187524,
      "samples": 4938
    },
    "parse/java": {
      "time_ns": {
        "minimum": 955027.0,
        "median": 986052.5,
        "mean": 1.1003427659621313e6,
        "maximum": 1.75381719e8,
        "std": 3.3862599488123017e6
      },
      "memory_bytes": 188672,
      "allocations": 2157,
      "gc_time_ns": 54070.19198590929,
      "samples": 4542
    },
    "parse/javascript": {
      "time_ns": {
        "minimum": 992739.0,
        "median": 1.0201575e6,
        "mean": 1.1419870230804388e6,
        "maximum": 1.84902776e8,
        "std": 3.683276341589502e6
      },
      "memory_bytes": 223888,
      "allocations": 2451,
      "gc_time_ns": 61979.10306215722,
      "samples": 4376
    },
    "parse/julia": {
      "time_ns": {
        "minimum": 1.181178e6,
        "median": 1.218268e6,
        "mean": 1.3742714924388232e6,
        "maximum": 1.66745953e8,
        "std": 3.6037601859523854e6
      },
      "memory_bytes": 393232,
      "allocations": 5391,
      "gc_time_ns": 81037.87792136376,
      "samples": 3637
    },
    "parse/php": {
      "time_ns": {
        "minimum": 1.142246e6,
        "median": 1.1711705e6,
        "mean": 1.3378303004223865e6,
        "maximum": 1.92678013e8,
        "std": 4.4541421365356315e6
      },
      "memory_bytes": 200992,
      "allocations": 2242,
      "gc_time_ns": 66000.19086589229,
      "samples": 3788
    },
    "parse/python": {
      "time_ns": {
        "minimum": 882023.0,
        "median": 914599.0,
        "mean": 1.0305145271189936e6,
        "maximum": 1.75742772e8,
        "std": 3.4157584704395286e6
      },
      "memory_bytes": 191328,
      "allocations": 2180,
      "gc_time_ns": 50721.76654980408,
      "samples": 4849
    },
    "parse/ruby": {
      "time_ns": {
        "minimum": 1.127521e6,
        "median": 1.1605445e6,
        "mean": 1.3285212347155767e6,
        "maximum": 2.08607426e8,
        "std": 4.907299935182726e6
      },
      "memory_bytes": 185272,
      "allocations": 2029,
      "gc_time_ns": 62215.5225943647,
      "samples": 3762
    },
    "parse/rust": {
      "time_ns": {
        "minimum": 1.003337e6,
        "median": 1.029972e6,
        "mean": 1.1700561222196207e6,
        "maximum": 1.92084262e8,
        "std": 4.0195341573802014e6
      },
      "memory_bytes": 201328,
      "allocations": 2205,
      "gc_time_ns": 59566.17372980567,
      "samples": 4271
    },
    "parse/typescript": {
      "time_ns": {
        "minimum": 1.047146e6,
        "median": 1.068216e6,
        "mean": 1.1738563756166315e6,
        "maximum": 1.02873209e8,
        "std": 2.791043761190919e6
      },
      "memory_bytes": 186128,
      "allocations": 2223,
      "gc_time_ns": 24909.067653276954,
      "samples": 4257
    },
    "stages/baseline": {
      "time_ns": {
        "minimum": 2.8740831e7,
        "median": 3.0662711e7,
        "mean": 3.0698994472392637e7,
        "maximum": 4.5315042e7,
        "std": 1.6011264189371371e6
      },
      "memory_bytes": 1251000,
      "allocations": 4877,
      "gc_time_ns": 153520.3926380368,
      "samples": 163
    },
    "stages/clones_exact": {
      "time_ns": {
        "minimum": 3.3798325e7,
        "median": 3.579992e7,
        "mean": 3.571759235460993e7,
        "maximum": 3.9669965e7,
        "std": 1.1231829357316652e6
      },
      "memory_bytes": 12188776,
      "allocations": 62505,
      "gc_time_ns": 1.0760789432624113e6,
      "samples": 141
    },
    "stages/clones_near": {
      "time_ns": {
        "minimum": 6.67788902e8,
        "median": 6.766784975e8,
        "mean": 6.7905838775e8,
        "maximum": 7.03361711e8,
        "std": 1.1337372475186754e7
      },
      "memory_bytes": 59857600,
      "allocations": 169360,
      "gc_time_ns": 3.09374025e6,
      "samples": 8
    },
    "stages/cohesion": {
      "time_ns": {
        "minimum": 20212.0,
        "median": 22063.0,
        "mean": 26066.042,
        "maximum": 1.1390564e7,
        "std": 160059.44795803246
      },
      "memory_bytes": 26568,
      "allocations": 305,
      "gc_time_ns": 2249.8451,
      "samples": 10000
    },
    "stages/corpus_graph": {
      "time_ns": {
        "minimum": 4.1486396e7,
        "median": 4.42994795e7,
        "mean": 4.550369103636364e7,
        "maximum": 7.6105782e7,
        "std": 4.9913295061436305e6
      },
      "memory_bytes": 7383632,
      "allocations": 119623,
      "gc_time_ns": 723688.6454545455,
      "samples": 110
    },
    "stages/naturalness": {
      "time_ns": {
        "minimum": 4.3099596e7,
        "median": 4.3731255e7,
        "mean": 4.454665892920354e7,
        "maximum": 6.7397517e7,
        "std": 3.5197405485043563e6
      },
      "memory_bytes": 5682144,
      "allocations": 57575,
      "gc_time_ns": 465422.2743362832,
      "samples": 113
    }
  },
  "cpu_threads": 4,
  "git": {
    "branch": "main",
    "commit": "ed0171ea45e91208bc692643d47c6e51db0f4336",
    "dirty": true
  },
  "julia_version": "1.12.6",
  "os": "Linux",
  "timestamp": "2026-07-24T18:57:11Z"
}