{
  "arch": "x86_64",
  "benchmarks": {
    "analyze/corpus": {
      "time_ns": {
        "minimum": 1.36414415e8,
        "median": 1.39493202e8,
        "mean": 1.463655142857143e8,
        "maximum": 2.73723873e8,
        "std": 2.3482778979877766e7
      },
      "memory_bytes": 26223104,
      "allocations": 235696,
      "gc_time_ns": 5.723383028571429e6,
      "samples": 35
    },
    "calibration": {
      "time_ns": {
        "minimum": 617187.0,
        "median": 624912.0,
        "mean": 622882.2562920508,
        "maximum": 979718.0,
        "std": 8196.142500048267
      },
      "memory_bytes": 0,
      "allocations": 0,
      "gc_time_ns": 0.0,
      "samples": 8026
    },
    "parse/bash": {
      "time_ns": {
        "minimum": 955742.0,
        "median": 990638.0,
        "mean": 1.0647153743873856e6,
        "maximum": 1.42412269e8,
        "std": 2.884982247807625e6
      },
      "memory_bytes": 101288,
      "allocations": 1286,
      "gc_time_ns": 10198.74323460473,
      "samples": 4693
    },
    "parse/c": {
      "time_ns": {
        "minimum": 1.054948e6,
        "median": 1.0741495e6,
        "mean": 1.1451083932172318e6,
        "maximum": 8.9365194e7,
        "std": 2.0067819236510876e6
      },
      "memory_bytes": 183984,
      "allocations": 2147,
      "gc_time_ns": 15271.825847846012,
      "samples": 4364
    },
    "parse/cpp": {
      "time_ns": {
        "minimum": 1.144778e6,
        "median": 1.164845e6,
        "mean": 1.2423330275913498e6,
        "maximum": 6.6516673e7,
        "std": 1.8753408634077627e6
      },
      "memory_bytes": 188288,
      "allocations": 2223,
      "gc_time_ns": 19908.717375093212,
      "samples": 4023
    },
    "parse/go": {
      "time_ns": {
        "minimum": 1.004885e6,
        "median": 1.026305e6,
        "mean": 1.1315661748188406e6,
        "maximum": 1.58989407e8,
        "std": 3.0463335146212922e6
      },
      "memory_bytes": 190912,
      "allocations": 2235,
      "gc_time_ns": 47623.19904891304,
      "samples": 4416
    },
    "parse/java": {
      "time_ns": {
        "minimum": 1.105784e6,
        "median": 1.124469e6,
        "mean": 1.2240118963997061e6,
        "maximum": 1.44452899e8,
        "std": 2.8510062638116316e6
      },
      "memory_bytes": 188672,
      "allocations": 2157,
      "gc_time_ns": 48153.05216752388,
      "samples": 4083
    },
    "parse/javascript": {
      "time_ns": {
        "minimum": 1.202726e6,
        "median": 1.224016e6,
        "mean": 1.3394043093004557e6,
        "maximum": 1.57341248e8,
        "std": 3.2417017057406195e6
      },
      "memory_bytes": 223888,
      "allocations": 2451,
      "gc_time_ns": 59392.55507906727,
      "samples": 3731
    },
    "parse/julia": {
      "time_ns": {
        "minimum": 1.285992e6,
        "median": 1.314671e6,
        "mean": 1.4503915702263494e6,
        "maximum": 1.49679466e8,
        "std": 3.139567423726549e6
      },
      "memory_bytes": 393232,
      "allocations": 5391,
      "gc_time_ns": 71782.57864190366,
      "samples": 3446
    },
    "parse/php": {
      "time_ns": {
        "minimum": 1.298655e6,
        "median": 1.323027e6,
        "mean": 1.4469069085118703e6,
        "maximum": 1.70258613e8,
        "std": 3.6007053933070614e6
      },
      "memory_bytes": 200992,
      "allocations": 2242,
      "gc_time_ns": 58581.7895193978,
      "samples": 3454
    },
    "parse/python": {
      "time_ns": {
        "minimum": 1.035412e6,
        "median": 1.056221e6,
        "mean": 1.171126879540661e6,
        "maximum": 1.72481449e8,
        "std": 3.2859142462552423e6
      },
      "memory_bytes": 191328,
      "allocations": 2180,
      "gc_time_ns": 52407.96273728615,
      "samples": 4267
    },
    "parse/ruby": {
      "time_ns": {
        "minimum": 1.266705e6,
        "median": 1.295278e6,
        "mean": 1.4416115154312085e6,
        "maximum": 1.73538173e8,
        "std": 4.0364769813556504e6
      },
      "memory_bytes": 185272,
      "allocations": 2029,
      "gc_time_ns": 56471.420536486876,
      "samples": 3467
    },
    "parse/rust": {
      "time_ns": {
        "minimum": 1.15649e6,
        "median": 1.1783205e6,
        "mean": 1.282039533606978e6,
        "maximum": 1.50335292e8,
        "std": 3.011922500881883e6
      },
      "memory_bytes": 201328,
      "allocations": 2205,
      "gc_time_ns": 50626.60672139559,
      "samples": 3898
    },
    "parse/typescript": {
      "time_ns": {
        "minimum": 1.200682e6,
        "median": 1.2237055e6,
        "mean": 1.3047293665796344e6,
        "maximum": 7.371466e7,
        "std": 2.0571271889550113e6
      },
      "memory_bytes": 186128,
      "allocations": 2223,
      "gc_time_ns": 20213.111227154048,
      "samples": 3830
    },
    "stages/baseline": {
      "time_ns": {
        "minimum": 2.974512e7,
        "median": 3.0239452e7,
        "mean": 3.0493266493902437e7,
        "maximum": 4.4956916e7,
        "std": 1.6150737139469513e6
      },
      "memory_bytes": 1251000,
      "allocations": 4877,
      "gc_time_ns": 152177.9756097561,
      "samples": 164
    },
    "stages/clones_exact": {
      "time_ns": {
        "minimum": 2.4427523e7,
        "median": 2.61155895e7,
        "mean": 2.639086442105263e7,
        "maximum": 3.0270266e7,
        "std": 1.0698169108426853e6
      },
      "memory_bytes": 12188776,
      "allocations": 62505,
      "gc_time_ns": 806373.9263157895,
      "samples": 190
    },
    "stages/clones_near": {
      "time_ns": {
        "minimum": 6.09806594e8,
        "median": 6.13585392e8,
        "mean": 6.143259803333334e8,
        "maximum": 6.20145188e8,
        "std": 3.5006217649165555e6
      },
      "memory_bytes": 59862432,
      "allocations": 169366,
      "gc_time_ns": 3.1346696666666665e6,
      "samples": 9
    },
    "stages/cohesion": {
      "time_ns": {
        "minimum": 20799.0,
        "median": 22012.0,
        "mean": 27676.7416,
        "maximum": 1.1626952e7,
        "std": 161589.00795167877
      },
      "memory_bytes": 26568,
      "allocations": 305,
      "gc_time_ns": 2546.2497,
      "samples": 10000
    },
    "stages/corpus_graph": {
      "time_ns": {
        "minimum": 4.3553715e7,
        "median": 4.6466418e7,
        "mean": 4.763163761320755e7,
        "maximum": 7.6767403e7,
        "std": 5.124826651949864e6
      },
      "memory_bytes": 7374032,
      "allocations": 119623,
      "gc_time_ns": 621755.9339622641,
      "samples": 106
    },
    "stages/naturalness": {
      "time_ns": {
        "minimum": 4.982251e7,
        "median": 5.18910555e7,
        "mean": 5.245818346875e7,
        "maximum": 7.2372361e7,
        "std": 2.816562080586327e6
      },
      "memory_bytes": 5682144,
      "allocations": 57575,
      "gc_time_ns": 455487.3541666667,
      "samples": 96
    }
  },
  "cpu_threads": 4,
  "git": {
    "branch": "main",
    "commit": "4118963cf6d19e8eb96bb1c0214059af1da6a796",
    "dirty": true
  },
  "julia_version": "1.12.6",
  "os": "Linux",
  "timestamp": "2026-07-07T22:00:29Z"
}