{
  "arch": "x86_64",
  "benchmarks": {
    "analyze/corpus": {
      "time_ns": {
        "minimum": 1.11036235e8,
        "median": 1.133723945e8,
        "mean": 1.1952682135714285e8,
        "maximum": 2.48860836e8,
        "std": 2.1666478216221623e7
      },
      "memory_bytes": 22183960,
      "allocations": 189892,
      "gc_time_ns": 4.673964071428572e6,
      "samples": 42
    },
    "parse/bash": {
      "time_ns": {
        "minimum": 811654.0,
        "median": 850225.5,
        "mean": 922752.2232371209,
        "maximum": 1.87009075e8,
        "std": 3.5002112340797465e6
      },
      "memory_bytes": 68656,
      "allocations": 882,
      "gc_time_ns": 8840.90208257216,
      "samples": 5474
    },
    "parse/c": {
      "time_ns": {
        "minimum": 908173.0,
        "median": 942257.0,
        "mean": 1.0060292750150997e6,
        "maximum": 7.8113852e7,
        "std": 1.7951157692349788e6
      },
      "memory_bytes": 158160,
      "allocations": 1805,
      "gc_time_ns": 12510.564928528287,
      "samples": 4967
    },
    "parse/cpp": {
      "time_ns": {
        "minimum": 994069.0,
        "median": 1.011181e6,
        "mean": 1.071446233490566e6,
        "maximum": 6.320284e7,
        "std": 1.5465313690478157e6
      },
      "memory_bytes": 160352,
      "allocations": 1844,
      "gc_time_ns": 12275.426886792453,
      "samples": 4664
    },
    "parse/go": {
      "time_ns": {
        "minimum": 863150.0,
        "median": 898180.0,
        "mean": 967978.7555211158,
        "maximum": 7.5324414e7,
        "std": 1.8335083494783922e6
      },
      "memory_bytes": 162784,
      "allocations": 1886,
      "gc_time_ns": 15394.420185974428,
      "samples": 5162
    },
    "parse/java": {
      "time_ns": {
        "minimum": 963609.0,
        "median": 995429.0,
        "mean": 1.0578883965699768e6,
        "maximum": 6.6972813e7,
        "std": 1.5132264422011732e6
      },
      "memory_bytes": 161168,
      "allocations": 1815,
      "gc_time_ns": 13286.859199661232,
      "samples": 4723
    },
    "parse/javascript": {
      "time_ns": {
        "minimum": 1.003713e6,
        "median": 1.021585e6,
        "mean": 1.1179552804741669e6,
        "maximum": 1.46276622e8,
        "std": 2.759496678663532e6
      },
      "memory_bytes": 178128,
      "allocations": 1958,
      "gc_time_ns": 46561.97383135764,
      "samples": 4471
    },
    "parse/julia": {
      "time_ns": {
        "minimum": 1.077829e6,
        "median": 1.095912e6,
        "mean": 1.2067630871770105e6,
        "maximum": 1.35248337e8,
        "std": 2.588637178397052e6
      },
      "memory_bytes": 351296,
      "allocations": 5004,
      "gc_time_ns": 55869.525235450375,
      "samples": 4141
    },
    "parse/php": {
      "time_ns": {
        "minimum": 1.140066e6,
        "median": 1.162458e6,
        "mean": 1.278110241943734e6,
        "maximum": 1.44770783e8,
        "std": 3.1601297859962396e6
      },
      "memory_bytes": 165776,
      "allocations": 1836,
      "gc_time_ns": 48196.76598465473,
      "samples": 3910
    },
    "parse/python": {
      "time_ns": {
        "minimum": 881434.0,
        "median": 915396.5,
        "mean": 983283.4075167257,
        "maximum": 6.5758356e7,
        "std": 1.6466974392989757e6
      },
      "memory_bytes": 164544,
      "allocations": 1841,
      "gc_time_ns": 12620.294175521449,
      "samples": 5082
    },
    "parse/ruby": {
      "time_ns": {
        "minimum": 1.095883e6,
        "median": 1.118725e6,
        "mean": 1.2147928111327176e6,
        "maximum": 1.08520608e8,
        "std": 2.675077691304626e6
      },
      "memory_bytes": 151080,
      "allocations": 1646,
      "gc_time_ns": 15235.99781234808,
      "samples": 4114
    },
    "parse/rust": {
      "time_ns": {
        "minimum": 1.016386e6,
        "median": 1.036338e6,
        "mean": 1.1254961295045046e6,
        "maximum": 1.36539195e8,
        "std": 2.5479547322716624e6
      },
      "memory_bytes": 167008,
      "allocations": 1832,
      "gc_time_ns": 41714.04076576576,
      "samples": 4440
    },
    "parse/typescript": {
      "time_ns": {
        "minimum": 1.042775e6,
        "median": 1.062913e6,
        "mean": 1.132900096350034e6,
        "maximum": 7.3121514e7,
        "std": 1.7622322508995556e6
      },
      "memory_bytes": 159344,
      "allocations": 1844,
      "gc_time_ns": 12848.13693040127,
      "samples": 4411
    },
    "stages/baseline": {
      "time_ns": {
        "minimum": 2.9574069e7,
        "median": 3.18320835e7,
        "mean": 3.165610829113924e7,
        "maximum": 4.6174465e7,
        "std": 1.554111048118601e6
      },
      "memory_bytes": 1062456,
      "allocations": 3951,
      "gc_time_ns": 82299.67721518988,
      "samples": 158
    },
    "stages/clones_exact": {
      "time_ns": {
        "minimum": 2.1566724e7,
        "median": 2.38938425e7,
        "mean": 2.4040597519230768e7,
        "maximum": 2.7733402e7,
        "std": 1.1364544688970207e6
      },
      "memory_bytes": 12183976,
      "allocations": 62205,
      "gc_time_ns": 852530.6586538461,
      "samples": 208
    },
    "stages/clones_near": {
      "time_ns": {
        "minimum": 5.98310568e8,
        "median": 6.02719231e8,
        "mean": 6.022377245555556e8,
        "maximum": 6.07036161e8,
        "std": 2.747530625261032e6
      },
      "memory_bytes": 57896120,
      "allocations": 169043,
      "gc_time_ns": 2.977259111111111e6,
      "samples": 9
    },
    "stages/cohesion": {
      "time_ns": {
        "minimum": 13595.0,
        "median": 14808.0,
        "mean": 19898.1793,
        "maximum": 1.0792223e7,
        "std": 148808.0437519803
      },
      "memory_bytes": 26568,
      "allocations": 305,
      "gc_time_ns": 2322.212,
      "samples": 10000
    },
    "stages/corpus_graph": {
      "time_ns": {
        "minimum": 4.1080377e7,
        "median": 4.5656501e7,
        "mean": 4.680761328971963e7,
        "maximum": 7.2695096e7,
        "std": 5.019048349027859e6
      },
      "memory_bytes": 7421304,
      "allocations": 118730,
      "gc_time_ns": 598329.1028037383,
      "samples": 107
    },
    "stages/naturalness": {
      "time_ns": {
        "minimum": 4.6450187e7,
        "median": 4.8018231e7,
        "mean": 4.8635666485436894e7,
        "maximum": 6.8539357e7,
        "std": 2.8435980204989016e6
      },
      "memory_bytes": 5640648,
      "allocations": 56677,
      "gc_time_ns": 408556.87378640776,
      "samples": 103
    }
  },
  "cpu_threads": 4,
  "git": {
    "branch": "main",
    "commit": "516734f4cccab1ee374127174b1eeafc270e9da0",
    "dirty": false
  },
  "julia_version": "1.12.6",
  "os": "Linux",
  "timestamp": "2026-06-29T10:10:51Z"
}