{
  "arch": "x86_64",
  "benchmarks": {
    "analyze/corpus": {
      "time_ns": {
        "minimum": 1.39525779e8,
        "median": 1.420697775e8,
        "mean": 1.4892581847058824e8,
        "maximum": 2.73580564e8,
        "std": 2.3413412375055354e7
      },
      "memory_bytes": 26223104,
      "allocations": 235696,
      "gc_time_ns": 5.782494588235294e6,
      "samples": 34
    },
    "calibration": {
      "time_ns": {
        "minimum": 617177.0,
        "median": 625192.0,
        "mean": 622915.8472274144,
        "maximum": 761668.0,
        "std": 5409.043750074217
      },
      "memory_bytes": 0,
      "allocations": 0,
      "gc_time_ns": 0.0,
      "samples": 8025
    },
    "parse/bash": {
      "time_ns": {
        "minimum": 933611.0,
        "median": 976451.0,
        "mean": 1.0689855989304814e6,
        "maximum": 1.96194457e8,
        "std": 3.790819159487211e6
      },
      "memory_bytes": 101288,
      "allocations": 1286,
      "gc_time_ns": 12879.990588235294,
      "samples": 4675
    },
    "parse/c": {
      "time_ns": {
        "minimum": 1.05638e6,
        "median": 1.075095e6,
        "mean": 1.1497645902921555e6,
        "maximum": 8.6170532e7,
        "std": 2.0266278154530523e6
      },
      "memory_bytes": 183984,
      "allocations": 2147,
      "gc_time_ns": 15268.275822406256,
      "samples": 4347
    },
    "parse/cpp": {
      "time_ns": {
        "minimum": 1.141911e6,
        "median": 1.162731e6,
        "mean": 1.2384416225526643e6,
        "maximum": 7.1800196e7,
        "std": 1.998007131609781e6
      },
      "memory_bytes": 188288,
      "allocations": 2223,
      "gc_time_ns": 20127.12565055762,
      "samples": 4035
    },
    "parse/go": {
      "time_ns": {
        "minimum": 1.006548e6,
        "median": 1.029391e6,
        "mean": 1.1425177439765818e6,
        "maximum": 1.59568575e8,
        "std": 3.2194996533254487e6
      },
      "memory_bytes": 190912,
      "allocations": 2235,
      "gc_time_ns": 49642.33731141635,
      "samples": 4441
    },
    "parse/java": {
      "time_ns": {
        "minimum": 1.114712e6,
        "median": 1.1399845e6,
        "mean": 1.2351164157192288e6,
        "maximum": 9.6004554e7,
        "std": 2.4603364024463026e6
      },
      "memory_bytes": 188672,
      "allocations": 2157,
      "gc_time_ns": 24686.37913989125,
      "samples": 4046
    },
    "parse/javascript": {
      "time_ns": {
        "minimum": 1.198087e6,
        "median": 1.229706e6,
        "mean": 1.3735115391591096e6,
        "maximum": 1.92489448e8,
        "std": 4.086458441796281e6
      },
      "memory_bytes": 223888,
      "allocations": 2451,
      "gc_time_ns": 76880.82357790602,
      "samples": 3639
    },
    "parse/julia": {
      "time_ns": {
        "minimum": 1.275974e6,
        "median": 1.302724e6,
        "mean": 1.436986614721104e6,
        "maximum": 1.54380365e8,
        "std": 3.1785492227571737e6
      },
      "memory_bytes": 393232,
      "allocations": 5391,
      "gc_time_ns": 72217.51667625071,
      "samples": 3478
    },
    "parse/php": {
      "time_ns": {
        "minimum": 1.29614e6,
        "median": 1.337348e6,
        "mean": 1.4877547360119047e6,
        "maximum": 2.03373739e8,
        "std": 4.382477498561794e6
      },
      "memory_bytes": 200992,
      "allocations": 2242,
      "gc_time_ns": 73410.73601190477,
      "samples": 3360
    },
    "parse/python": {
      "time_ns": {
        "minimum": 1.026225e6,
        "median": 1.045747e6,
        "mean": 1.160663274965165e6,
        "maximum": 1.55996617e8,
        "std": 3.095772045055997e6
      },
      "memory_bytes": 191328,
      "allocations": 2180,
      "gc_time_ns": 50101.77844867627,
      "samples": 4306
    },
    "parse/ruby": {
      "time_ns": {
        "minimum": 1.24252e6,
        "median": 1.2715495e6,
        "mean": 1.423981621937322e6,
        "maximum": 1.82493528e8,
        "std": 4.224537597492481e6
      },
      "memory_bytes": 185272,
      "allocations": 2029,
      "gc_time_ns": 58952.26153846154,
      "samples": 3510
    },
    "parse/rust": {
      "time_ns": {
        "minimum": 1.157371e6,
        "median": 1.17795e6,
        "mean": 1.2858148021610496e6,
        "maximum": 1.595068e8,
        "std": 3.1944585116291256e6
      },
      "memory_bytes": 201328,
      "allocations": 2205,
      "gc_time_ns": 53047.82943143813,
      "samples": 3887
    },
    "parse/typescript": {
      "time_ns": {
        "minimum": 1.201003e6,
        "median": 1.228078e6,
        "mean": 1.3345184537526427e6,
        "maximum": 1.00555155e8,
        "std": 2.7675281632959205e6
      },
      "memory_bytes": 186128,
      "allocations": 2223,
      "gc_time_ns": 26210.73731501057,
      "samples": 3784
    },
    "stages/baseline": {
      "time_ns": {
        "minimum": 3.0756465e7,
        "median": 3.2051243e7,
        "mean": 3.2058612269230768e7,
        "maximum": 4.7708379e7,
        "std": 1.3526941019407124e6
      },
      "memory_bytes": 1251000,
      "allocations": 4877,
      "gc_time_ns": 95653.76282051283,
      "samples": 156
    },
    "stages/clones_exact": {
      "time_ns": {
        "minimum": 2.3359692e7,
        "median": 2.5438211e7,
        "mean": 2.5422606370558377e7,
        "maximum": 2.8945549e7,
        "std": 923889.1076254216
      },
      "memory_bytes": 12188776,
      "allocations": 62505,
      "gc_time_ns": 887587.730964467,
      "samples": 197
    },
    "stages/clones_near": {
      "time_ns": {
        "minimum": 6.10130562e8,
        "median": 6.167435e8,
        "mean": 6.165134246666666e8,
        "maximum": 6.26183005e8,
        "std": 4.754624519634226e6
      },
      "memory_bytes": 59862432,
      "allocations": 169366,
      "gc_time_ns": 3.899673777777778e6,
      "samples": 9
    },
    "stages/cohesion": {
      "time_ns": {
        "minimum": 20729.0,
        "median": 21981.0,
        "mean": 27945.6851,
        "maximum": 1.3013828e7,
        "std": 174950.37537404057
      },
      "memory_bytes": 26568,
      "allocations": 305,
      "gc_time_ns": 2762.5924,
      "samples": 10000
    },
    "stages/corpus_graph": {
      "time_ns": {
        "minimum": 4.5778008e7,
        "median": 5.16502975e7,
        "mean": 5.2240651541666664e7,
        "maximum": 8.7084863e7,
        "std": 5.883479317114887e6
      },
      "memory_bytes": 7462448,
      "allocations": 119640,
      "gc_time_ns": 712383.0208333334,
      "samples": 96
    },
    "stages/naturalness": {
      "time_ns": {
        "minimum": 4.8848106e7,
        "median": 4.9889754e7,
        "mean": 5.052462421212121e7,
        "maximum": 7.2740531e7,
        "std": 2.8910147426666017e6
      },
      "memory_bytes": 5682144,
      "allocations": 57575,
      "gc_time_ns": 480262.8484848485,
      "samples": 99
    }
  },
  "cpu_threads": 4,
  "git": {
    "branch": "main",
    "commit": "9188209fd21f949a428849ed29c5e9c0113b51cd",
    "dirty": true
  },
  "julia_version": "1.12.6",
  "os": "Linux",
  "timestamp": "2026-07-03T06:01:02Z"
}