{
  "arch": "x86_64",
  "benchmarks": {
    "analyze/corpus": {
      "time_ns": {
        "minimum": 1.40371479e8,
        "median": 1.45249494e8,
        "mean": 1.5210478863636363e8,
        "maximum": 2.09570475e8,
        "std": 1.4553352739445096e7
      },
      "memory_bytes": 24043464,
      "allocations": 213141,
      "gc_time_ns": 2.280676878787879e6,
      "samples": 33
    },
    "parse/bash": {
      "time_ns": {
        "minimum": 781650.0,
        "median": 823151.0,
        "mean": 873489.1368881119,
        "maximum": 2.21994371e8,
        "std": 2.9252548807395645e6
      },
      "memory_bytes": 69280,
      "allocations": 891,
      "gc_time_ns": 5466.745629370629,
      "samples": 5720
    },
    "parse/c": {
      "time_ns": {
        "minimum": 900215.0,
        "median": 941996.0,
        "mean": 1.0237933265724237e6,
        "maximum": 9.4822646e7,
        "std": 2.2189172679495476e6
      },
      "memory_bytes": 159744,
      "allocations": 1827,
      "gc_time_ns": 16766.40258143823,
      "samples": 4881
    },
    "parse/cpp": {
      "time_ns": {
        "minimum": 1.004439e6,
        "median": 1.041023e6,
        "mean": 1.1185803087083052e6,
        "maximum": 8.8218825e7,
        "std": 2.1998602638778496e6
      },
      "memory_bytes": 161936,
      "allocations": 1866,
      "gc_time_ns": 16199.136333109469,
      "samples": 4467
    },
    "parse/go": {
      "time_ns": {
        "minimum": 860596.0,
        "median": 902188.0,
        "mean": 988720.2855164226,
        "maximum": 1.0479608e8,
        "std": 2.4226101101634144e6
      },
      "memory_bytes": 164368,
      "allocations": 1908,
      "gc_time_ns": 17155.995647012267,
      "samples": 5054
    },
    "parse/java": {
      "time_ns": {
        "minimum": 950940.0,
        "median": 990978.0,
        "mean": 1.0702187102163204e6,
        "maximum": 8.0970381e7,
        "std": 1.835757912744184e6
      },
      "memory_bytes": 162752,
      "allocations": 1837,
      "gc_time_ns": 17704.50053544656,
      "samples": 4669
    },
    "parse/javascript": {
      "time_ns": {
        "minimum": 983528.0,
        "median": 1.015284e6,
        "mean": 1.1207679199372057e6,
        "maximum": 1.8639891e8,
        "std": 3.4101958601438534e6
      },
      "memory_bytes": 179712,
      "allocations": 1980,
      "gc_time_ns": 56577.17178739628,
      "samples": 4459
    },
    "parse/julia": {
      "time_ns": {
        "minimum": 1.086008e6,
        "median": 1.1225075e6,
        "mean": 1.2675562511415526e6,
        "maximum": 1.71953858e8,
        "std": 3.4080215524641545e6
      },
      "memory_bytes": 352784,
      "allocations": 5023,
      "gc_time_ns": 76214.19178082192,
      "samples": 3942
    },
    "parse/php": {
      "time_ns": {
        "minimum": 1.117815e6,
        "median": 1.15492e6,
        "mean": 1.2469574453592815e6,
        "maximum": 1.04661143e8,
        "std": 2.5858659025722067e6
      },
      "memory_bytes": 166400,
      "allocations": 1845,
      "gc_time_ns": 21722.798403193614,
      "samples": 4008
    },
    "parse/python": {
      "time_ns": {
        "minimum": 865694.0,
        "median": 905112.0,
        "mean": 992879.6775283131,
        "maximum": 9.4639327e7,
        "std": 2.2627843951211884e6
      },
      "memory_bytes": 165168,
      "allocations": 1850,
      "gc_time_ns": 16759.402741903436,
      "samples": 5033
    },
    "parse/ruby": {
      "time_ns": {
        "minimum": 1.078678e6,
        "median": 1.111055e6,
        "mean": 1.209656325587025e6,
        "maximum": 1.35254324e8,
        "std": 3.0155035304609435e6
      },
      "memory_bytes": 152568,
      "allocations": 1665,
      "gc_time_ns": 15022.840232389251,
      "samples": 4131
    },
    "parse/rust": {
      "time_ns": {
        "minimum": 998780.0,
        "median": 1.030933e6,
        "mean": 1.149415370975161e6,
        "maximum": 1.89107822e8,
        "std": 3.579445610117955e6
      },
      "memory_bytes": 167632,
      "allocations": 1841,
      "gc_time_ns": 58315.06853725851,
      "samples": 4348
    },
    "parse/typescript": {
      "time_ns": {
        "minimum": 1.019059e6,
        "median": 1.05342e6,
        "mean": 1.1455408677212289e6,
        "maximum": 9.6120938e7,
        "std": 2.4022193793361676e6
      },
      "memory_bytes": 160928,
      "allocations": 1866,
      "gc_time_ns": 16791.515359926638,
      "samples": 4362
    },
    "stages/baseline": {
      "time_ns": {
        "minimum": 3.5977003e7,
        "median": 3.7100126e7,
        "mean": 3.76776959924812e7,
        "maximum": 5.4953889e7,
        "std": 2.7550400562822474e6
      },
      "memory_bytes": 1177656,
      "allocations": 4851,
      "gc_time_ns": 119243.81954887218,
      "samples": 133
    },
    "stages/clones_exact": {
      "time_ns": {
        "minimum": 2.8835226e7,
        "median": 3.1348193e7,
        "mean": 3.1114122627329193e7,
        "maximum": 4.6287801e7,
        "std": 1.8150035103809712e6
      },
      "memory_bytes": 12356832,
      "allocations": 62511,
      "gc_time_ns": 1.3575753167701864e6,
      "samples": 161
    },
    "stages/clones_near": {
      "time_ns": {
        "minimum": 7.31135032e8,
        "median": 7.37536806e8,
        "mean": 7.383951581428572e8,
        "maximum": 7.44381032e8,
        "std": 5.069829645929681e6
      },
      "memory_bytes": 57900920,
      "allocations": 169343,
      "gc_time_ns": 3.139513285714286e6,
      "samples": 7
    },
    "stages/cohesion": {
      "time_ns": {
        "minimum": 16374.0,
        "median": 18357.0,
        "mean": 24752.5867,
        "maximum": 1.4150095e7,
        "std": 199127.3276672493
      },
      "memory_bytes": 26568,
      "allocations": 305,
      "gc_time_ns": 3184.1802,
      "samples": 10000
    },
    "stages/corpus_graph": {
      "time_ns": {
        "minimum": 5.4889089e7,
        "median": 5.7027525e7,
        "mean": 5.838155326744186e7,
        "maximum": 9.1751218e7,
        "std": 5.939938667068819e6
      },
      "memory_bytes": 7435736,
      "allocations": 119031,
      "gc_time_ns": 819447.2209302326,
      "samples": 86
    },
    "stages/naturalness": {
      "time_ns": {
        "minimum": 5.4493024e7,
        "median": 5.5473593e7,
        "mean": 5.637479956179775e7,
        "maximum": 8.3462744e7,
        "std": 3.692993160265338e6
      },
      "memory_bytes": 5645448,
      "allocations": 56977,
      "gc_time_ns": 587047.1573033708,
      "samples": 89
    }
  },
  "cpu_threads": 4,
  "git": {
    "branch": "main",
    "commit": "67d0106e8df19a5d6e90a28bb2f277bd20ad7171",
    "dirty": true
  },
  "julia_version": "1.12.6",
  "os": "Linux",
  "timestamp": "2026-06-30T10:40:41Z"
}