{
  "arch": "x86_64",
  "benchmarks": {
    "analyze/corpus": {
      "time_ns": {
        "minimum": 1.29323138e8,
        "median": 1.30940616e8,
        "mean": 1.3740132775675675e8,
        "maximum": 2.58795487e8,
        "std": 2.164291350229198e7
      },
      "memory_bytes": 24043464,
      "allocations": 213141,
      "gc_time_ns": 5.135139810810811e6,
      "samples": 37
    },
    "calibration": {
      "time_ns": {
        "minimum": 617184.0,
        "median": 625020.0,
        "mean": 622755.5283418463,
        "maximum": 707585.0,
        "std": 4751.843176984816
      },
      "memory_bytes": 0,
      "allocations": 0,
      "gc_time_ns": 0.0,
      "samples": 8027
    },
    "parse/bash": {
      "time_ns": {
        "minimum": 821428.0,
        "median": 857459.5,
        "mean": 931996.6601605254,
        "maximum": 1.89029507e8,
        "std": 3.555326276179579e6
      },
      "memory_bytes": 69280,
      "allocations": 891,
      "gc_time_ns": 9043.071689164539,
      "samples": 5482
    },
    "parse/c": {
      "time_ns": {
        "minimum": 928198.0,
        "median": 960189.0,
        "mean": 1.0240885428278688e6,
        "maximum": 7.7361993e7,
        "std": 1.7896955051981295e6
      },
      "memory_bytes": 159744,
      "allocations": 1827,
      "gc_time_ns": 13061.946721311475,
      "samples": 4880
    },
    "parse/cpp": {
      "time_ns": {
        "minimum": 1.01509e6,
        "median": 1.032022e6,
        "mean": 1.098919485048373e6,
        "maximum": 7.0847134e7,
        "std": 1.7111363795406069e6
      },
      "memory_bytes": 161936,
      "allocations": 1866,
      "gc_time_ns": 13356.680958663148,
      "samples": 4548
    },
    "parse/go": {
      "time_ns": {
        "minimum": 884064.0,
        "median": 919300.0,
        "mean": 985491.1944389667,
        "maximum": 7.2709317e7,
        "std": 1.7727893062109775e6
      },
      "memory_bytes": 164368,
      "allocations": 1908,
      "gc_time_ns": 13241.20429895484,
      "samples": 5071
    },
    "parse/java": {
      "time_ns": {
        "minimum": 991064.0,
        "median": 1.017194e6,
        "mean": 1.082346545592376e6,
        "maximum": 6.7816445e7,
        "std": 1.596808406735809e6
      },
      "memory_bytes": 162752,
      "allocations": 1837,
      "gc_time_ns": 13482.714100064977,
      "samples": 4617
    },
    "parse/javascript": {
      "time_ns": {
        "minimum": 1.023044e6,
        "median": 1.041038e6,
        "mean": 1.1408042720839991e6,
        "maximum": 1.46135726e8,
        "std": 2.881206733347747e6
      },
      "memory_bytes": 179712,
      "allocations": 1980,
      "gc_time_ns": 47789.78132846382,
      "samples": 4381
    },
    "parse/julia": {
      "time_ns": {
        "minimum": 1.105049e6,
        "median": 1.124625e6,
        "mean": 1.2416131913043477e6,
        "maximum": 1.34805277e8,
        "std": 2.664577079800726e6
      },
      "memory_bytes": 352784,
      "allocations": 5023,
      "gc_time_ns": 58032.91701863354,
      "samples": 4025
    },
    "parse/php": {
      "time_ns": {
        "minimum": 1.160622e6,
        "median": 1.176772e6,
        "mean": 1.287742779438289e6,
        "maximum": 1.45170288e8,
        "std": 3.0484629413839723e6
      },
      "memory_bytes": 166400,
      "allocations": 1845,
      "gc_time_ns": 48772.37670703427,
      "samples": 3881
    },
    "parse/python": {
      "time_ns": {
        "minimum": 897319.0,
        "median": 933878.0,
        "mean": 1.0028806638571142e6,
        "maximum": 6.9549572e7,
        "std": 1.717872914906834e6
      },
      "memory_bytes": 165168,
      "allocations": 1850,
      "gc_time_ns": 13196.591812161349,
      "samples": 4983
    },
    "parse/ruby": {
      "time_ns": {
        "minimum": 1.116731e6,
        "median": 1.135075e6,
        "mean": 1.2317151471168064e6,
        "maximum": 1.10638333e8,
        "std": 2.6915505070051304e6
      },
      "memory_bytes": 152568,
      "allocations": 1665,
      "gc_time_ns": 15471.920896993593,
      "samples": 4058
    },
    "parse/rust": {
      "time_ns": {
        "minimum": 1.03646e6,
        "median": 1.0549445e6,
        "mean": 1.150568398020258e6,
        "maximum": 1.38116011e8,
        "std": 2.6936046700457926e6
      },
      "memory_bytes": 167632,
      "allocations": 1841,
      "gc_time_ns": 44076.23549723757,
      "samples": 4344
    },
    "parse/typescript": {
      "time_ns": {
        "minimum": 1.062839e6,
        "median": 1.085161e6,
        "mean": 1.156948379398148e6,
        "maximum": 7.0606222e7,
        "std": 1.8116480015937316e6
      },
      "memory_bytes": 160928,
      "allocations": 1866,
      "gc_time_ns": 13347.194444444445,
      "samples": 4320
    },
    "stages/baseline": {
      "time_ns": {
        "minimum": 2.8891519e7,
        "median": 2.9569773e7,
        "mean": 2.993770360714286e7,
        "maximum": 4.4446013e7,
        "std": 1.541543196645002e6
      },
      "memory_bytes": 1177656,
      "allocations": 4851,
      "gc_time_ns": 139038.57738095237,
      "samples": 168
    },
    "stages/clones_exact": {
      "time_ns": {
        "minimum": 2.3095895e7,
        "median": 2.47219e7,
        "mean": 2.4777467965346534e7,
        "maximum": 2.8499687e7,
        "std": 850460.9245285488
      },
      "memory_bytes": 12356832,
      "allocations": 62511,
      "gc_time_ns": 694519.9900990099,
      "samples": 202
    },
    "stages/clones_near": {
      "time_ns": {
        "minimum": 6.04703842e8,
        "median": 6.07140328e8,
        "mean": 6.09231216e8,
        "maximum": 6.2464864e8,
        "std": 6.04447409013826e6
      },
      "memory_bytes": 57900920,
      "allocations": 169343,
      "gc_time_ns": 2.985459111111111e6,
      "samples": 9
    },
    "stages/cohesion": {
      "time_ns": {
        "minimum": 14337.0,
        "median": 15559.0,
        "mean": 20610.4599,
        "maximum": 1.0791022e7,
        "std": 144162.53883261164
      },
      "memory_bytes": 26568,
      "allocations": 305,
      "gc_time_ns": 2224.5945,
      "samples": 10000
    },
    "stages/corpus_graph": {
      "time_ns": {
        "minimum": 4.2057089e7,
        "median": 4.33417285e7,
        "mean": 4.465979710714286e7,
        "maximum": 6.9440973e7,
        "std": 4.345115238811548e6
      },
      "memory_bytes": 7347320,
      "allocations": 119014,
      "gc_time_ns": 578639.1160714285,
      "samples": 112
    },
    "stages/naturalness": {
      "time_ns": {
        "minimum": 4.6626001e7,
        "median": 4.8641877e7,
        "mean": 4.896158124271844e7,
        "maximum": 6.7928056e7,
        "std": 2.6344324625944244e6
      },
      "memory_bytes": 5645448,
      "allocations": 56977,
      "gc_time_ns": 411019.6213592233,
      "samples": 103
    }
  },
  "cpu_threads": 4,
  "git": {
    "branch": "main",
    "commit": "894620f40b84c83e63bad79861b16850969199be",
    "dirty": true
  },
  "julia_version": "1.12.6",
  "os": "Linux",
  "timestamp": "2026-06-30T11:24:40Z"
}