{
  "arch": "x86_64",
  "benchmarks": {
    "analyze/corpus": {
      "time_ns": {
        "minimum": 1.32095305e8,
        "median": 1.349769915e8,
        "mean": 1.3937453594444445e8,
        "maximum": 1.62800891e8,
        "std": 8.52002498522411e6
      },
      "memory_bytes": 24342192,
      "allocations": 214346,
      "gc_time_ns": 2.164228722222222e6,
      "samples": 36
    },
    "calibration": {
      "time_ns": {
        "minimum": 617179.0,
        "median": 625024.0,
        "mean": 623158.9516330092,
        "maximum": 712998.0,
        "std": 5343.2542978146785
      },
      "memory_bytes": 0,
      "allocations": 0,
      "gc_time_ns": 0.0,
      "samples": 8022
    },
    "parse/bash": {
      "time_ns": {
        "minimum": 818043.0,
        "median": 857135.0,
        "mean": 900899.952758745,
        "maximum": 2.06467216e8,
        "std": 2.7609869398553674e6
      },
      "memory_bytes": 68160,
      "allocations": 893,
      "gc_time_ns": 5134.770645510278,
      "samples": 5546
    },
    "parse/c": {
      "time_ns": {
        "minimum": 928228.0,
        "median": 960929.0,
        "mean": 1.0294737719406675e6,
        "maximum": 9.0408906e7,
        "std": 2.036811887877821e6
      },
      "memory_bytes": 158624,
      "allocations": 1829,
      "gc_time_ns": 13061.561804697158,
      "samples": 4854
    },
    "parse/cpp": {
      "time_ns": {
        "minimum": 1.009279e6,
        "median": 1.025339e6,
        "mean": 1.0884239993465475e6,
        "maximum": 6.953432e7,
        "std": 1.71869872795313e6
      },
      "memory_bytes": 160816,
      "allocations": 1868,
      "gc_time_ns": 12679.320191679373,
      "samples": 4591
    },
    "parse/go": {
      "time_ns": {
        "minimum": 878084.0,
        "median": 912398.0,
        "mean": 979276.9427787575,
        "maximum": 8.3745885e7,
        "std": 1.937691292440288e6
      },
      "memory_bytes": 163248,
      "allocations": 1910,
      "gc_time_ns": 12047.396825396825,
      "samples": 5103
    },
    "parse/java": {
      "time_ns": {
        "minimum": 978002.0,
        "median": 1.005944e6,
        "mean": 1.067158803331198e6,
        "maximum": 7.0571503e7,
        "std": 1.538321961396786e6
      },
      "memory_bytes": 161632,
      "allocations": 1839,
      "gc_time_ns": 12829.396967755712,
      "samples": 4683
    },
    "parse/javascript": {
      "time_ns": {
        "minimum": 1.021151e6,
        "median": 1.037742e6,
        "mean": 1.1257623635954044e6,
        "maximum": 1.56919539e8,
        "std": 2.86273179791731e6
      },
      "memory_bytes": 178592,
      "allocations": 1982,
      "gc_time_ns": 46176.47893669745,
      "samples": 4439
    },
    "parse/julia": {
      "time_ns": {
        "minimum": 1.124794e6,
        "median": 1.143629e6,
        "mean": 1.2583641364551864e6,
        "maximum": 1.44282464e8,
        "std": 2.7919170435204757e6
      },
      "memory_bytes": 351760,
      "allocations": 5028,
      "gc_time_ns": 59072.87260825781,
      "samples": 3972
    },
    "parse/php": {
      "time_ns": {
        "minimum": 1.156343e6,
        "median": 1.174272e6,
        "mean": 1.2497637649412353e6,
        "maximum": 8.9605179e7,
        "std": 2.0670717023707782e6
      },
      "memory_bytes": 165280,
      "allocations": 1847,
      "gc_time_ns": 16692.83695923981,
      "samples": 3999
    },
    "parse/python": {
      "time_ns": {
        "minimum": 894605.0,
        "median": 929435.5,
        "mean": 998665.882893685,
        "maximum": 7.1621883e7,
        "std": 1.8034245525949046e6
      },
      "memory_bytes": 164048,
      "allocations": 1852,
      "gc_time_ns": 12476.432853717026,
      "samples": 5004
    },
    "parse/ruby": {
      "time_ns": {
        "minimum": 1.110036e6,
        "median": 1.125014e6,
        "mean": 1.2132198290847293e6,
        "maximum": 1.16979539e8,
        "std": 2.7613366072866283e6
      },
      "memory_bytes": 151448,
      "allocations": 1667,
      "gc_time_ns": 11590.658655013352,
      "samples": 4119
    },
    "parse/rust": {
      "time_ns": {
        "minimum": 1.031289e6,
        "median": 1.0491785e6,
        "mean": 1.1505212338858196e6,
        "maximum": 1.45935803e8,
        "std": 2.842875630926926e6
      },
      "memory_bytes": 166512,
      "allocations": 1843,
      "gc_time_ns": 46403.828959484345,
      "samples": 4344
    },
    "parse/typescript": {
      "time_ns": {
        "minimum": 1.0578e6,
        "median": 1.075628e6,
        "mean": 1.1494568072677094e6,
        "maximum": 7.766798e7,
        "std": 1.9212116928931335e6
      },
      "memory_bytes": 159808,
      "allocations": 1868,
      "gc_time_ns": 13256.67571297148,
      "samples": 4348
    },
    "stages/baseline": {
      "time_ns": {
        "minimum": 3.426031e7,
        "median": 3.59524705e7,
        "mean": 3.596342347857143e7,
        "maximum": 4.8954389e7,
        "std": 1.2541606052911223e6
      },
      "memory_bytes": 1193320,
      "allocations": 4875,
      "gc_time_ns": 96307.67142857143,
      "samples": 140
    },
    "stages/clones_exact": {
      "time_ns": {
        "minimum": 2.339282e7,
        "median": 2.5652118e7,
        "mean": 2.5670210041025642e7,
        "maximum": 2.8779461e7,
        "std": 1.1108143288910708e6
      },
      "memory_bytes": 12356832,
      "allocations": 62511,
      "gc_time_ns": 927484.2564102564,
      "samples": 195
    },
    "stages/clones_near": {
      "time_ns": {
        "minimum": 6.04071483e8,
        "median": 6.08283816e8,
        "mean": 6.082761808888888e8,
        "maximum": 6.1343293e8,
        "std": 3.2558597320831195e6
      },
      "memory_bytes": 59862432,
      "allocations": 169366,
      "gc_time_ns": 3.195635222222222e6,
      "samples": 9
    },
    "stages/cohesion": {
      "time_ns": {
        "minimum": 14276.0,
        "median": 15679.0,
        "mean": 21067.6204,
        "maximum": 1.1382656e7,
        "std": 157923.7165912945
      },
      "memory_bytes": 26568,
      "allocations": 305,
      "gc_time_ns": 2482.2112,
      "samples": 10000
    },
    "stages/corpus_graph": {
      "time_ns": {
        "minimum": 4.2482567e7,
        "median": 4.7091279e7,
        "mean": 4.841994059615385e7,
        "maximum": 7.9756536e7,
        "std": 5.578896205525636e6
      },
      "memory_bytes": 7364432,
      "allocations": 119323,
      "gc_time_ns": 615599.9711538461,
      "samples": 104
    },
    "stages/naturalness": {
      "time_ns": {
        "minimum": 4.7902301e7,
        "median": 4.9280908e7,
        "mean": 4.9732681e7,
        "maximum": 7.0440495e7,
        "std": 2.6375384678622982e6
      },
      "memory_bytes": 5710560,
      "allocations": 57586,
      "gc_time_ns": 439261.45544554456,
      "samples": 101
    }
  },
  "cpu_threads": 4,
  "git": {
    "branch": "main",
    "commit": "33f071d4c2d11dfdb7d0012c8ea8b5aa7d47a56e",
    "dirty": true
  },
  "julia_version": "1.12.6",
  "os": "Linux",
  "timestamp": "2026-07-01T17:06:46Z"
}