{
  "arch": "x86_64",
  "benchmarks": {
    "analyze/corpus": {
      "time_ns": {
        "minimum": 1.46406601e8,
        "median": 1.49196361e8,
        "mean": 1.5371861578787878e8,
        "maximum": 1.79920073e8,
        "std": 9.649506113776816e6
      },
      "memory_bytes": 25879472,
      "allocations": 233670,
      "gc_time_ns": 2.660092303030303e6,
      "samples": 33
    },
    "calibration": {
      "time_ns": {
        "minimum": 696713.0,
        "median": 704195.0,
        "mean": 703016.1097046414,
        "maximum": 787179.0,
        "std": 4734.475565206752
      },
      "memory_bytes": 0,
      "allocations": 0,
      "gc_time_ns": 0.0,
      "samples": 7110
    },
    "parse/bash": {
      "time_ns": {
        "minimum": 903443.0,
        "median": 940293.0,
        "mean": 1.0252869501436192e6,
        "maximum": 1.78179374e8,
        "std": 3.4400585119953933e6
      },
      "memory_bytes": 101288,
      "allocations": 1286,
      "gc_time_ns": 12492.812679524004,
      "samples": 4874
    },
    "parse/c": {
      "time_ns": {
        "minimum": 1.030783e6,
        "median": 1.065174e6,
        "mean": 1.1620210279004883e6,
        "maximum": 1.0648655e8,
        "std": 2.494879045111889e6
      },
      "memory_bytes": 183984,
      "allocations": 2147,
      "gc_time_ns": 21048.933271332247,
      "samples": 4301
    },
    "parse/cpp": {
      "time_ns": {
        "minimum": 1.133899e6,
        "median": 1.166057e6,
        "mean": 1.2991216377794524e6,
        "maximum": 1.91462582e8,
        "std": 3.868762388349702e6
      },
      "memory_bytes": 188288,
      "allocations": 2223,
      "gc_time_ns": 64737.77819643306,
      "samples": 3981
    },
    "parse/go": {
      "time_ns": {
        "minimum": 987079.0,
        "median": 1.019678e6,
        "mean": 1.1242585631046118e6,
        "maximum": 8.8971631e7,
        "std": 2.3781694462772636e6
      },
      "memory_bytes": 190912,
      "allocations": 2235,
      "gc_time_ns": 22881.63622047244,
      "samples": 4445
    },
    "parse/java": {
      "time_ns": {
        "minimum": 1.07937e6,
        "median": 1.112167e6,
        "mean": 1.2361289114518922e6,
        "maximum": 1.79268223e8,
        "std": 3.5269234924641964e6
      },
      "memory_bytes": 188672,
      "allocations": 2157,
      "gc_time_ns": 63147.06777145684,
      "samples": 4043
    },
    "parse/javascript": {
      "time_ns": {
        "minimum": 1.169222e6,
        "median": 1.202917e6,
        "mean": 1.3401465159744408e6,
        "maximum": 1.86317936e8,
        "std": 3.865162976210933e6
      },
      "memory_bytes": 223888,
      "allocations": 2451,
      "gc_time_ns": 73937.06682641107,
      "samples": 3756
    },
    "parse/julia": {
      "time_ns": {
        "minimum": 1.274347e6,
        "median": 1.310721e6,
        "mean": 1.4677920349486049e6,
        "maximum": 1.86750109e8,
        "std": 3.8335050466435365e6
      },
      "memory_bytes": 393232,
      "allocations": 5391,
      "gc_time_ns": 87636.58355359765,
      "samples": 3405
    },
    "parse/php": {
      "time_ns": {
        "minimum": 1.274209e6,
        "median": 1.312691e6,
        "mean": 1.4686594272700557e6,
        "maximum": 2.0738839e8,
        "std": 4.429213750282989e6
      },
      "memory_bytes": 200992,
      "allocations": 2242,
      "gc_time_ns": 75117.82427270056,
      "samples": 3403
    },
    "parse/python": {
      "time_ns": {
        "minimum": 993779.0,
        "median": 1.028651e6,
        "mean": 1.1838340374318883e6,
        "maximum": 1.99061471e8,
        "std": 4.179017232177723e6
      },
      "memory_bytes": 191328,
      "allocations": 2180,
      "gc_time_ns": 65198.30656242597,
      "samples": 4221
    },
    "parse/ruby": {
      "time_ns": {
        "minimum": 1.219296e6,
        "median": 1.2641855e6,
        "mean": 1.4646629875565611e6,
        "maximum": 2.34003532e8,
        "std": 5.307217968045213e6
      },
      "memory_bytes": 185272,
      "allocations": 2029,
      "gc_time_ns": 76078.30740950226,
      "samples": 3536
    },
    "parse/rust": {
      "time_ns": {
        "minimum": 1.134309e6,
        "median": 1.17161e6,
        "mean": 1.3082650994764399e6,
        "maximum": 1.93022217e8,
        "std": 3.909814466355382e6
      },
      "memory_bytes": 201328,
      "allocations": 2205,
      "gc_time_ns": 67931.58481675392,
      "samples": 3820
    },
    "parse/typescript": {
      "time_ns": {
        "minimum": 1.1626e6,
        "median": 1.1980845e6,
        "mean": 1.2981467618181817e6,
        "maximum": 8.8840029e7,
        "std": 2.5634087204001276e6
      },
      "memory_bytes": 186128,
      "allocations": 2223,
      "gc_time_ns": 27319.079220779222,
      "samples": 3850
    },
    "stages/baseline": {
      "time_ns": {
        "minimum": 3.5464076e7,
        "median": 3.62720465e7,
        "mean": 3.648101047826087e7,
        "maximum": 5.3399494e7,
        "std": 1.7227203872053078e6
      },
      "memory_bytes": 1251000,
      "allocations": 4877,
      "gc_time_ns": 119305.45652173914,
      "samples": 138
    },
    "stages/clones_exact": {
      "time_ns": {
        "minimum": 3.8628718e7,
        "median": 4.2106493e7,
        "mean": 4.148137087603306e7,
        "maximum": 4.5725745e7,
        "std": 1.5527808336570098e6
      },
      "memory_bytes": 12188776,
      "allocations": 62505,
      "gc_time_ns": 1.1793400165289256e6,
      "samples": 121
    },
    "stages/clones_near": {
      "time_ns": {
        "minimum": 6.59459499e8,
        "median": 6.963436875e8,
        "mean": 6.88453036625e8,
        "maximum": 7.13765829e8,
        "std": 2.1688595716015328e7
      },
      "memory_bytes": 59857600,
      "allocations": 169360,
      "gc_time_ns": 3.2916995e6,
      "samples": 8
    },
    "stages/cohesion": {
      "time_ns": {
        "minimum": 22743.0,
        "median": 24196.0,
        "mean": 30177.2392,
        "maximum": 1.3799468e7,
        "std": 193335.2290443295
      },
      "memory_bytes": 26568,
      "allocations": 305,
      "gc_time_ns": 2714.7162,
      "samples": 10000
    },
    "stages/corpus_graph": {
      "time_ns": {
        "minimum": 4.4619523e7,
        "median": 4.71870085e7,
        "mean": 4.937715975490196e7,
        "maximum": 8.3963176e7,
        "std": 6.978755121362261e6
      },
      "memory_bytes": 7383632,
      "allocations": 119623,
      "gc_time_ns": 759885.3431372549,
      "samples": 102
    },
    "stages/naturalness": {
      "time_ns": {
        "minimum": 5.3244082e7,
        "median": 5.417187e7,
        "mean": 5.500048745054945e7,
        "maximum": 7.8882937e7,
        "std": 3.3866919523471813e6
      },
      "memory_bytes": 5682144,
      "allocations": 57575,
      "gc_time_ns": 536033.6263736264,
      "samples": 91
    }
  },
  "cpu_threads": 4,
  "git": {
    "branch": "main",
    "commit": "5b1c2edf5fdd7b38fc007b3f1f5f44077f6159f1",
    "dirty": true
  },
  "julia_version": "1.12.6",
  "os": "Linux",
  "timestamp": "2026-07-24T18:21:33Z"
}