{
  "arch": "x86_64",
  "benchmarks": {
    "analyze/corpus": {
      "time_ns": {
        "minimum": 1.06984219e8,
        "median": 1.1099181e8,
        "mean": 1.172500591627907e8,
        "maximum": 2.45416751e8,
        "std": 2.1552330172627594e7
      },
      "memory_bytes": 24043464,
      "allocations": 213141,
      "gc_time_ns": 5.0441955813953485e6,
      "samples": 43
    },
    "calibration": {
      "time_ns": {
        "minimum": 541353.0,
        "median": 547102.0,
        "mean": 545352.8344970543,
        "maximum": 719992.0,
        "std": 5137.111143322374
      },
      "memory_bytes": 0,
      "allocations": 0,
      "gc_time_ns": 0.0,
      "samples": 9166
    },
    "parse/bash": {
      "time_ns": {
        "minimum": 595945.0,
        "median": 627643.0,
        "mean": 689485.7158824342,
        "maximum": 2.06183833e8,
        "std": 3.327634634904731e6
      },
      "memory_bytes": 69280,
      "allocations": 891,
      "gc_time_ns": 7757.363598730509,
      "samples": 7247
    },
    "parse/c": {
      "time_ns": {
        "minimum": 696656.0,
        "median": 723597.0,
        "mean": 784796.4461369347,
        "maximum": 8.3109722e7,
        "std": 1.7384435625247806e6
      },
      "memory_bytes": 159744,
      "allocations": 1827,
      "gc_time_ns": 13996.019315326634,
      "samples": 6368
    },
    "parse/cpp": {
      "time_ns": {
        "minimum": 757609.0,
        "median": 788353.0,
        "mean": 881484.0749691303,
        "maximum": 1.65706038e8,
        "std": 2.8388754505335935e6
      },
      "memory_bytes": 161936,
      "allocations": 1866,
      "gc_time_ns": 42015.71547010055,
      "samples": 5669
    },
    "parse/go": {
      "time_ns": {
        "minimum": 662706.0,
        "median": 692781.0,
        "mean": 784999.2525918945,
        "maximum": 1.60127614e8,
        "std": 2.778180435576854e6
      },
      "memory_bytes": 164368,
      "allocations": 1908,
      "gc_time_ns": 37858.197298146406,
      "samples": 6366
    },
    "parse/java": {
      "time_ns": {
        "minimum": 734003.0,
        "median": 765589.0,
        "mean": 856203.6458797328,
        "maximum": 1.49513588e8,
        "std": 2.5797367691487335e6
      },
      "memory_bytes": 162752,
      "allocations": 1837,
      "gc_time_ns": 41448.22785677574,
      "samples": 5837
    },
    "parse/javascript": {
      "time_ns": {
        "minimum": 756216.0,
        "median": 784448.5,
        "mean": 882383.7413488701,
        "maximum": 1.69563952e8,
        "std": 3.0058133772175834e6
      },
      "memory_bytes": 179712,
      "allocations": 1980,
      "gc_time_ns": 48641.600988700564,
      "samples": 5664
    },
    "parse/julia": {
      "time_ns": {
        "minimum": 830628.0,
        "median": 866481.0,
        "mean": 988967.6335575782,
        "maximum": 1.88569244e8,
        "std": 3.1848446476613367e6
      },
      "memory_bytes": 352784,
      "allocations": 5023,
      "gc_time_ns": 65805.89552829442,
      "samples": 5054
    },
    "parse/php": {
      "time_ns": {
        "minimum": 852981.0,
        "median": 882746.0,
        "mean": 975049.1024190402,
        "maximum": 1.5818981e8,
        "std": 2.8899384987009466e6
      },
      "memory_bytes": 166400,
      "allocations": 1845,
      "gc_time_ns": 42231.927818962155,
      "samples": 5126
    },
    "parse/python": {
      "time_ns": {
        "minimum": 671259.0,
        "median": 699059.0,
        "mean": 792481.227561053,
        "maximum": 1.47506372e8,
        "std": 2.65883628228677e6
      },
      "memory_bytes": 165168,
      "allocations": 1850,
      "gc_time_ns": 36452.188867745004,
      "samples": 6306
    },
    "parse/ruby": {
      "time_ns": {
        "minimum": 817628.0,
        "median": 851919.0,
        "mean": 971697.3791561346,
        "maximum": 1.7871705e8,
        "std": 3.51955195908062e6
      },
      "memory_bytes": 152568,
      "allocations": 1665,
      "gc_time_ns": 42646.55084580984,
      "samples": 5143
    },
    "parse/rust": {
      "time_ns": {
        "minimum": 761434.0,
        "median": 791149.0,
        "mean": 883482.0535619586,
        "maximum": 1.57770787e8,
        "std": 2.8771841637829673e6
      },
      "memory_bytes": 167632,
      "allocations": 1841,
      "gc_time_ns": 41251.42460668199,
      "samples": 5657
    },
    "parse/typescript": {
      "time_ns": {
        "minimum": 782836.0,
        "median": 815510.0,
        "mean": 897576.628591954,
        "maximum": 8.0609076e7,
        "std": 2.0640770568865945e6
      },
      "memory_bytes": 160928,
      "allocations": 1866,
      "gc_time_ns": 19093.30926724138,
      "samples": 5568
    },
    "stages/baseline": {
      "time_ns": {
        "minimum": 2.6030383e7,
        "median": 2.7560371e7,
        "mean": 2.772119329281768e7,
        "maximum": 4.0299923e7,
        "std": 1.5858725707604236e6
      },
      "memory_bytes": 1177656,
      "allocations": 4851,
      "gc_time_ns": 134888.182320442,
      "samples": 181
    },
    "stages/clones_exact": {
      "time_ns": {
        "minimum": 2.1539706e7,
        "median": 2.47186125e7,
        "mean": 2.4322355067961164e7,
        "maximum": 2.8393554e7,
        "std": 1.08882472088168e6
      },
      "memory_bytes": 12188776,
      "allocations": 62505,
      "gc_time_ns": 1.144085504854369e6,
      "samples": 206
    },
    "stages/clones_near": {
      "time_ns": {
        "minimum": 5.24539874e8,
        "median": 5.27112092e8,
        "mean": 5.293665459e8,
        "maximum": 5.40656575e8,
        "std": 5.4155591464339215e6
      },
      "memory_bytes": 57900920,
      "allocations": 169343,
      "gc_time_ns": 3.4383146e6,
      "samples": 10
    },
    "stages/cohesion": {
      "time_ns": {
        "minimum": 12609.0,
        "median": 14461.0,
        "mean": 19268.6763,
        "maximum": 1.2007362e7,
        "std": 161445.1464688107
      },
      "memory_bytes": 26568,
      "allocations": 305,
      "gc_time_ns": 2263.5972,
      "samples": 10000
    },
    "stages/corpus_graph": {
      "time_ns": {
        "minimum": 3.5154583e7,
        "median": 3.7536021e7,
        "mean": 3.883593994573643e7,
        "maximum": 7.1155728e7,
        "std": 5.108565870291712e6
      },
      "memory_bytes": 7347320,
      "allocations": 119014,
      "gc_time_ns": 645247.1705426356,
      "samples": 129
    },
    "stages/naturalness": {
      "time_ns": {
        "minimum": 3.9752981e7,
        "median": 4.15337775e7,
        "mean": 4.1988807041666664e7,
        "maximum": 6.5593728e7,
        "std": 2.8431972279391615e6
      },
      "memory_bytes": 5645448,
      "allocations": 56977,
      "gc_time_ns": 438383.3,
      "samples": 120
    }
  },
  "cpu_threads": 4,
  "git": {
    "branch": "main",
    "commit": "1cc979a39168a8de6cc4ca30cb8c1827c5c5b5a8",
    "dirty": true
  },
  "julia_version": "1.12.6",
  "os": "Linux",
  "timestamp": "2026-06-30T14:27:11Z"
}