{
  "arch": "x86_64",
  "benchmarks": {
    "analyze/corpus": {
      "time_ns": {
        "minimum": 9.2838277e7,
        "median": 9.4219401e7,
        "mean": 9.90817478235294e7,
        "maximum": 2.13737245e8,
        "std": 1.742930465088265e7
      },
      "memory_bytes": 19961528,
      "allocations": 164072,
      "gc_time_ns": 3.5097234509803923e6,
      "samples": 51
    },
    "parse/bash": {
      "time_ns": {
        "minimum": 810323.0,
        "median": 846689.0,
        "mean": 912719.5084931507,
        "maximum": 1.70181531e8,
        "std": 3.154764601262004e6
      },
      "memory_bytes": 66896,
      "allocations": 845,
      "gc_time_ns": 7682.780821917808,
      "samples": 5475
    },
    "parse/c": {
      "time_ns": {
        "minimum": 910731.0,
        "median": 939074.0,
        "mean": 1.0015917726999399e6,
        "maximum": 6.6908265e7,
        "std": 1.6253778874365843e6
      },
      "memory_bytes": 157376,
      "allocations": 1790,
      "gc_time_ns": 13582.696532371217,
      "samples": 4989
    },
    "parse/cpp": {
      "time_ns": {
        "minimum": 995488.0,
        "median": 1.010857e6,
        "mean": 1.0968420118525021e6,
        "maximum": 1.31411505e8,
        "std": 2.401563773649723e6
      },
      "memory_bytes": 159568,
      "allocations": 1829,
      "gc_time_ns": 39472.59306409131,
      "samples": 4556
    },
    "parse/go": {
      "time_ns": {
        "minimum": 863803.0,
        "median": 896152.0,
        "mean": 977470.747456964,
        "maximum": 1.34204761e8,
        "std": 2.400861990671402e6
      },
      "memory_bytes": 162000,
      "allocations": 1871,
      "gc_time_ns": 34946.123435054775,
      "samples": 5112
    },
    "parse/java": {
      "time_ns": {
        "minimum": 959292.0,
        "median": 990380.0,
        "mean": 1.0722873267539155e6,
        "maximum": 1.27169365e8,
        "std": 2.2959745528651206e6
      },
      "memory_bytes": 160384,
      "allocations": 1800,
      "gc_time_ns": 37500.217549882,
      "samples": 4661
    },
    "parse/javascript": {
      "time_ns": {
        "minimum": 1.001908e6,
        "median": 1.01631e6,
        "mean": 1.1028039510150044e6,
        "maximum": 1.39985471e8,
        "std": 2.590880710282752e6
      },
      "memory_bytes": 177344,
      "allocations": 1943,
      "gc_time_ns": 41546.693071491616,
      "samples": 4532
    },
    "parse/julia": {
      "time_ns": {
        "minimum": 1.077361e6,
        "median": 1.097719e6,
        "mean": 1.2145428626974483e6,
        "maximum": 1.31016013e8,
        "std": 2.5644723543486595e6
      },
      "memory_bytes": 350080,
      "allocations": 4984,
      "gc_time_ns": 56330.250060753344,
      "samples": 4115
    },
    "parse/php": {
      "time_ns": {
        "minimum": 1.142514e6,
        "median": 1.1596105e6,
        "mean": 1.2557012701005025e6,
        "maximum": 1.38835314e8,
        "std": 2.748064791839172e6
      },
      "memory_bytes": 165056,
      "allocations": 1823,
      "gc_time_ns": 41814.44849246231,
      "samples": 3980
    },
    "parse/python": {
      "time_ns": {
        "minimum": 876769.0,
        "median": 909779.0,
        "mean": 994801.8944853673,
        "maximum": 1.28902889e8,
        "std": 2.345836173342792e6
      },
      "memory_bytes": 163696,
      "allocations": 1824,
      "gc_time_ns": 35920.156082022695,
      "samples": 5023
    },
    "parse/ruby": {
      "time_ns": {
        "minimum": 1.099743e6,
        "median": 1.114305e6,
        "mean": 1.2183640580204779e6,
        "maximum": 1.45075123e8,
        "std": 3.080574001561679e6
      },
      "memory_bytes": 150232,
      "allocations": 1629,
      "gc_time_ns": 40048.451487079474,
      "samples": 4102
    },
    "parse/rust": {
      "time_ns": {
        "minimum": 1.016869e6,
        "median": 1.032177e6,
        "mean": 1.1282499275395034e6,
        "maximum": 1.36937925e8,
        "std": 2.689070609635064e6
      },
      "memory_bytes": 166256,
      "allocations": 1818,
      "gc_time_ns": 41544.81670428894,
      "samples": 4430
    },
    "parse/typescript": {
      "time_ns": {
        "minimum": 1.045042e6,
        "median": 1.061603e6,
        "mean": 1.1319828228765572e6,
        "maximum": 6.2744799e7,
        "std": 1.5806864006179722e6
      },
      "memory_bytes": 158560,
      "allocations": 1829,
      "gc_time_ns": 15200.78912797282,
      "samples": 4415
    },
    "stages/baseline": {
      "time_ns": {
        "minimum": 2.8607149e7,
        "median": 2.8715682e7,
        "mean": 2.8904579341040462e7,
        "maximum": 4.0146161e7,
        "std": 929171.994552805
      },
      "memory_bytes": 976056,
      "allocations": 3951,
      "gc_time_ns": 64792.439306358385,
      "samples": 173
    },
    "stages/clones_exact": {
      "time_ns": {
        "minimum": 2.0588949e7,
        "median": 2.1305908e7,
        "mean": 2.1365449170212764e7,
        "maximum": 2.5163512e7,
        "std": 565306.7406037761
      },
      "memory_bytes": 12183976,
      "allocations": 62205,
      "gc_time_ns": 499531.3446808511,
      "samples": 235
    },
    "stages/clones_near": {
      "time_ns": {
        "minimum": 6.01856684e8,
        "median": 6.04137258e8,
        "mean": 6.043005424444444e8,
        "maximum": 6.06454384e8,
        "std": 1.2789404226374377e6
      },
      "memory_bytes": 57896120,
      "allocations": 169043,
      "gc_time_ns": 2.301871e6,
      "samples": 9
    },
    "stages/cohesion": {
      "time_ns": {
        "minimum": 14828.0,
        "median": 15018.0,
        "mean": 15284.8948,
        "maximum": 71313.0,
        "std": 1699.3059846348747
      },
      "memory_bytes": 64,
      "allocations": 2,
      "gc_time_ns": 0.0,
      "samples": 10000
    },
    "stages/naturalness": {
      "time_ns": {
        "minimum": 4.4415338e7,
        "median": 4.5406529e7,
        "mean": 4.590516424770642e7,
        "maximum": 5.973783e7,
        "std": 2.0377627229397164e6
      },
      "memory_bytes": 5640648,
      "allocations": 56677,
      "gc_time_ns": 359672.3577981651,
      "samples": 109
    }
  },
  "cpu_threads": 4,
  "git": {
    "branch": "main",
    "commit": "8dcc03e03978f475ddcefcdd6e4bcd387fb8668f",
    "dirty": false
  },
  "julia_version": "1.12.6",
  "os": "Linux",
  "timestamp": "2026-06-26T13:21:46Z"
}