{
  "arch": "x86_64",
  "benchmarks": {
    "analyze/corpus": {
      "time_ns": {
        "minimum": 1.33826724e8,
        "median": 1.36883072e8,
        "mean": 1.434214421142857e8,
        "maximum": 2.6203315e8,
        "std": 2.188768745768097e7
      },
      "memory_bytes": 24651752,
      "allocations": 217573,
      "gc_time_ns": 5.383594228571429e6,
      "samples": 35
    },
    "calibration": {
      "time_ns": {
        "minimum": 617181.0,
        "median": 625027.0,
        "mean": 622689.730568012,
        "maximum": 702281.0,
        "std": 4550.991118945563
      },
      "memory_bytes": 0,
      "allocations": 0,
      "gc_time_ns": 0.0,
      "samples": 8028
    },
    "parse/bash": {
      "time_ns": {
        "minimum": 910780.0,
        "median": 956675.0,
        "mean": 996323.9503489531,
        "maximum": 1.69148921e8,
        "std": 2.3751331667900276e6
      },
      "memory_bytes": 82368,
      "allocations": 1102,
      "gc_time_ns": 5767.716650049851,
      "samples": 5015
    },
    "parse/c": {
      "time_ns": {
        "minimum": 1.042376e6,
        "median": 1.0652985e6,
        "mean": 1.1374261029945554e6,
        "maximum": 7.8318292e7,
        "std": 1.9716677475604636e6
      },
      "memory_bytes": 177424,
      "allocations": 2075,
      "gc_time_ns": 18940.87046279492,
      "samples": 4408
    },
    "parse/cpp": {
      "time_ns": {
        "minimum": 1.127254e6,
        "median": 1.147662e6,
        "mean": 1.2517526112224448e6,
        "maximum": 1.60034896e8,
        "std": 3.1148210739409407e6
      },
      "memory_bytes": 181728,
      "allocations": 2151,
      "gc_time_ns": 50871.276803607216,
      "samples": 3992
    },
    "parse/go": {
      "time_ns": {
        "minimum": 999666.0,
        "median": 1.020154e6,
        "mean": 1.1230126905617977e6,
        "maximum": 1.52906304e8,
        "std": 2.970569636276024e6
      },
      "memory_bytes": 183584,
      "allocations": 2156,
      "gc_time_ns": 45499.26988764045,
      "samples": 4450
    },
    "parse/java": {
      "time_ns": {
        "minimum": 1.096535e6,
        "median": 1.122074e6,
        "mean": 1.2211619662756599e6,
        "maximum": 1.47868538e8,
        "std": 2.863675424111432e6
      },
      "memory_bytes": 182112,
      "allocations": 2085,
      "gc_time_ns": 48541.43010752688,
      "samples": 4092
    },
    "parse/javascript": {
      "time_ns": {
        "minimum": 1.180432e6,
        "median": 1.205028e6,
        "mean": 1.3126170462306277e6,
        "maximum": 1.55942089e8,
        "std": 3.119991160709666e6
      },
      "memory_bytes": 217328,
      "allocations": 2379,
      "gc_time_ns": 57191.10165484634,
      "samples": 3807
    },
    "parse/julia": {
      "time_ns": {
        "minimum": 1.245734e6,
        "median": 1.273156e6,
        "mean": 1.397008826998323e6,
        "maximum": 1.46186062e8,
        "std": 2.964029691187995e6
      },
      "memory_bytes": 387280,
      "allocations": 5311,
      "gc_time_ns": 66385.55226383454,
      "samples": 3578
    },
    "parse/php": {
      "time_ns": {
        "minimum": 1.288994e6,
        "median": 1.314942e6,
        "mean": 1.4226815217762596e6,
        "maximum": 1.61607662e8,
        "std": 3.3154377583506205e6
      },
      "memory_bytes": 194432,
      "allocations": 2170,
      "gc_time_ns": 54114.526046114435,
      "samples": 3513
    },
    "parse/python": {
      "time_ns": {
        "minimum": 1.007921e6,
        "median": 1.030533e6,
        "mean": 1.1356335954545455e6,
        "maximum": 1.55079558e8,
        "std": 3.030354405450151e6
      },
      "memory_bytes": 183904,
      "allocations": 2098,
      "gc_time_ns": 45825.79795454545,
      "samples": 4400
    },
    "parse/ruby": {
      "time_ns": {
        "minimum": 1.227982e6,
        "median": 1.250394e6,
        "mean": 1.3891440216787104e6,
        "maximum": 1.77468732e8,
        "std": 4.017260313822564e6
      },
      "memory_bytes": 177944,
      "allocations": 1950,
      "gc_time_ns": 55294.21095052807,
      "samples": 3598
    },
    "parse/rust": {
      "time_ns": {
        "minimum": 1.145498e6,
        "median": 1.171311e6,
        "mean": 1.2840324236896196e6,
        "maximum": 1.60475061e8,
        "std": 3.275871846517353e6
      },
      "memory_bytes": 194000,
      "allocations": 2126,
      "gc_time_ns": 52884.86125385406,
      "samples": 3892
    },
    "parse/typescript": {
      "time_ns": {
        "minimum": 1.177959e6,
        "median": 1.201512e6,
        "mean": 1.2770215893176591e6,
        "maximum": 7.0704577e7,
        "std": 1.9677293679172762e6
      },
      "memory_bytes": 179568,
      "allocations": 2151,
      "gc_time_ns": 18860.93432149246,
      "samples": 3913
    },
    "stages/baseline": {
      "time_ns": {
        "minimum": 2.9494366e7,
        "median": 3.1813175e7,
        "mean": 3.193106417197452e7,
        "maximum": 4.6390244e7,
        "std": 1.314447814109277e6
      },
      "memory_bytes": 1193400,
      "allocations": 4877,
      "gc_time_ns": 89859.7898089172,
      "samples": 157
    },
    "stages/clones_exact": {
      "time_ns": {
        "minimum": 2.3560075e7,
        "median": 2.54568195e7,
        "mean": 2.562467912755102e7,
        "maximum": 2.9443522e7,
        "std": 1.0313177661281653e6
      },
      "memory_bytes": 12356832,
      "allocations": 62511,
      "gc_time_ns": 833696.5663265307,
      "samples": 196
    },
    "stages/clones_near": {
      "time_ns": {
        "minimum": 5.99961993e8,
        "median": 6.06148229e8,
        "mean": 6.072821775555556e8,
        "maximum": 6.19973491e8,
        "std": 6.074394213383095e6
      },
      "memory_bytes": 59862432,
      "allocations": 169366,
      "gc_time_ns": 3.147159222222222e6,
      "samples": 9
    },
    "stages/cohesion": {
      "time_ns": {
        "minimum": 19767.0,
        "median": 20969.0,
        "mean": 26636.7315,
        "maximum": 1.1541489e7,
        "std": 158381.2713642289
      },
      "memory_bytes": 26568,
      "allocations": 305,
      "gc_time_ns": 2482.0742,
      "samples": 10000
    },
    "stages/corpus_graph": {
      "time_ns": {
        "minimum": 4.453703e7,
        "median": 4.9868641e7,
        "mean": 5.054166394949495e7,
        "maximum": 7.8232998e7,
        "std": 4.579488057604091e6
      },
      "memory_bytes": 7452848,
      "allocations": 119340,
      "gc_time_ns": 551176.2626262626,
      "samples": 99
    },
    "stages/naturalness": {
      "time_ns": {
        "minimum": 4.7042318e7,
        "median": 4.8331935e7,
        "mean": 4.875761539805825e7,
        "maximum": 6.8690945e7,
        "std": 2.5972179377461453e6
      },
      "memory_bytes": 5682144,
      "allocations": 57575,
      "gc_time_ns": 416317.7572815534,
      "samples": 103
    }
  },
  "cpu_threads": 4,
  "git": {
    "branch": "main",
    "commit": "5a9971a60cfe9cb03afd833051b6b8b640e00dc5",
    "dirty": true
  },
  "julia_version": "1.12.6",
  "os": "Linux",
  "timestamp": "2026-07-02T18:33:01Z"
}