{
  "arch": "x86_64",
  "benchmarks": {
    "analyze/corpus": {
      "time_ns": {
        "minimum": 1.43960777e8,
        "median": 1.528468975e8,
        "mean": 1.57577809e8,
        "maximum": 1.90454948e8,
        "std": 1.3314617510623269e7
      },
      "memory_bytes": 26223104,
      "allocations": 235696,
      "gc_time_ns": 3.05585246875e6,
      "samples": 32
    },
    "calibration": {
      "time_ns": {
        "minimum": 696696.0,
        "median": 704157.0,
        "mean": 702990.3509142053,
        "maximum": 910351.0,
        "std": 6504.5594569718905
      },
      "memory_bytes": 0,
      "allocations": 0,
      "gc_time_ns": 0.0,
      "samples": 7110
    },
    "parse/bash": {
      "time_ns": {
        "minimum": 910571.0,
        "median": 947856.0,
        "mean": 1.0351173362336855e6,
        "maximum": 1.9604062e8,
        "std": 3.728242288422903e6
      },
      "memory_bytes": 101288,
      "allocations": 1286,
      "gc_time_ns": 13545.337476693598,
      "samples": 4827
    },
    "parse/c": {
      "time_ns": {
        "minimum": 1.037738e6,
        "median": 1.072442e6,
        "mean": 1.1701121933973308e6,
        "maximum": 1.15620172e8,
        "std": 2.791603074683839e6
      },
      "memory_bytes": 183984,
      "allocations": 2147,
      "gc_time_ns": 22063.95574806837,
      "samples": 4271
    },
    "parse/cpp": {
      "time_ns": {
        "minimum": 1.14771e6,
        "median": 1.182422e6,
        "mean": 1.274298092044875e6,
        "maximum": 9.9197644e7,
        "std": 2.634891681962068e6
      },
      "memory_bytes": 188288,
      "allocations": 2223,
      "gc_time_ns": 25385.02728199898,
      "samples": 3922
    },
    "parse/go": {
      "time_ns": {
        "minimum": 1.001575e6,
        "median": 1.031068e6,
        "mean": 1.1581609323290845e6,
        "maximum": 1.92726176e8,
        "std": 3.707522300193988e6
      },
      "memory_bytes": 190912,
      "allocations": 2235,
      "gc_time_ns": 30590.749478563153,
      "samples": 4315
    },
    "parse/java": {
      "time_ns": {
        "minimum": 1.094132e6,
        "median": 1.127081e6,
        "mean": 1.265851183204199e6,
        "maximum": 1.93940076e8,
        "std": 3.9253146552369716e6
      },
      "memory_bytes": 188672,
      "allocations": 2157,
      "gc_time_ns": 68490.16820794801,
      "samples": 4001
    },
    "parse/javascript": {
      "time_ns": {
        "minimum": 1.188971e6,
        "median": 1.220769e6,
        "mean": 1.3555480103064822e6,
        "maximum": 2.11000764e8,
        "std": 4.266211897859411e6
      },
      "memory_bytes": 223888,
      "allocations": 2451,
      "gc_time_ns": 76179.48901545972,
      "samples": 3687
    },
    "parse/julia": {
      "time_ns": {
        "minimum": 1.283731e6,
        "median": 1.327155e6,
        "mean": 1.510752284764208e6,
        "maximum": 1.89978672e8,
        "std": 4.084739731605225e6
      },
      "memory_bytes": 393232,
      "allocations": 5391,
      "gc_time_ns": 93610.93561064087,
      "samples": 3308
    },
    "parse/php": {
      "time_ns": {
        "minimum": 1.27616e6,
        "median": 1.314987e6,
        "mean": 1.4957928039509128e6,
        "maximum": 2.05226192e8,
        "std": 4.582028128473034e6
      },
      "memory_bytes": 200992,
      "allocations": 2242,
      "gc_time_ns": 76574.05477401975,
      "samples": 3341
    },
    "parse/python": {
      "time_ns": {
        "minimum": 1.011089e6,
        "median": 1.0394315e6,
        "mean": 1.185817561461794e6,
        "maximum": 2.03511951e8,
        "std": 4.0995422052916028e6
      },
      "memory_bytes": 191328,
      "allocations": 2180,
      "gc_time_ns": 63670.03203607024,
      "samples": 4214
    },
    "parse/ruby": {
      "time_ns": {
        "minimum": 1.236292e6,
        "median": 1.275479e6,
        "mean": 1.4609342912705273e6,
        "maximum": 2.19645323e8,
        "std": 5.111399461377071e6
      },
      "memory_bytes": 185272,
      "allocations": 2029,
      "gc_time_ns": 74374.65312590032,
      "samples": 3471
    },
    "parse/rust": {
      "time_ns": {
        "minimum": 1.150254e6,
        "median": 1.186328e6,
        "mean": 1.325971393738392e6,
        "maximum": 1.99421288e8,
        "std": 4.0898623170791618e6
      },
      "memory_bytes": 201328,
      "allocations": 2205,
      "gc_time_ns": 69413.19686919608,
      "samples": 3769
    },
    "parse/typescript": {
      "time_ns": {
        "minimum": 1.177455e6,
        "median": 1.208616e6,
        "mean": 1.3195741079306724e6,
        "maximum": 9.724322e7,
        "std": 2.8719331276640794e6
      },
      "memory_bytes": 186128,
      "allocations": 2223,
      "gc_time_ns": 28923.37736344538,
      "samples": 3808
    },
    "stages/baseline": {
      "time_ns": {
        "minimum": 3.3252312e7,
        "median": 3.6338366e7,
        "mean": 3.659711393430657e7,
        "maximum": 6.1337651e7,
        "std": 3.372567431320878e6
      },
      "memory_bytes": 1251000,
      "allocations": 4877,
      "gc_time_ns": 132344.8321167883,
      "samples": 137
    },
    "stages/clones_exact": {
      "time_ns": {
        "minimum": 2.8431171e7,
        "median": 3.0985312e7,
        "mean": 3.1185870844720498e7,
        "maximum": 5.1408317e7,
        "std": 2.305684562109512e6
      },
      "memory_bytes": 12188776,
      "allocations": 62505,
      "gc_time_ns": 1.3220803105590062e6,
      "samples": 161
    },
    "stages/clones_near": {
      "time_ns": {
        "minimum": 6.69611874e8,
        "median": 6.79891736e8,
        "mean": 6.7798432875e8,
        "maximum": 6.82460583e8,
        "std": 5.074489569664681e6
      },
      "memory_bytes": 59862432,
      "allocations": 169366,
      "gc_time_ns": 3.4674095e6,
      "samples": 8
    },
    "stages/cohesion": {
      "time_ns": {
        "minimum": 22654.0,
        "median": 24576.0,
        "mean": 30587.6344,
        "maximum": 1.4318282e7,
        "std": 198680.58514455325
      },
      "memory_bytes": 26568,
      "allocations": 305,
      "gc_time_ns": 2789.7384,
      "samples": 10000
    },
    "stages/corpus_graph": {
      "time_ns": {
        "minimum": 4.919033e7,
        "median": 5.4810328e7,
        "mean": 5.546613895604396e7,
        "maximum": 9.3176289e7,
        "std": 6.653906226128138e6
      },
      "memory_bytes": 7374032,
      "allocations": 119623,
      "gc_time_ns": 843423.3846153846,
      "samples": 91
    },
    "stages/naturalness": {
      "time_ns": {
        "minimum": 5.3019818e7,
        "median": 5.5161303e7,
        "mean": 5.6220668123595506e7,
        "maximum": 8.4776972e7,
        "std": 4.0806548380929586e6
      },
      "memory_bytes": 5682144,
      "allocations": 57575,
      "gc_time_ns": 599867.3033707865,
      "samples": 89
    }
  },
  "cpu_threads": 4,
  "git": {
    "branch": "main",
    "commit": "5c39977dbd973ce6669e0c8382da9011e2a73faa",
    "dirty": true
  },
  "julia_version": "1.12.6",
  "os": "Linux",
  "timestamp": "2026-07-02T21:14:05Z"
}