{
  "arch": "x86_64",
  "benchmarks": {
    "analyze/corpus": {
      "time_ns": {
        "minimum": 1.35892093e8,
        "median": 1.375871585e8,
        "mean": 1.4132654280555555e8,
        "maximum": 1.64283955e8,
        "std": 8.186932449015784e6
      },
      "memory_bytes": 24043432,
      "allocations": 213140,
      "gc_time_ns": 2.2554541666666665e6,
      "samples": 36
    },
    "parse/bash": {
      "time_ns": {
        "minimum": 774481.0,
        "median": 818552.0,
        "mean": 897053.3995425757,
        "maximum": 2.06819513e8,
        "std": 3.8077404175541596e6
      },
      "memory_bytes": 69280,
      "allocations": 891,
      "gc_time_ns": 10495.665904292751,
      "samples": 5684
    },
    "parse/c": {
      "time_ns": {
        "minimum": 891546.0,
        "median": 926804.0,
        "mean": 996980.6660015961,
        "maximum": 8.473236e7,
        "std": 1.9006139892853424e6
      },
      "memory_bytes": 159744,
      "allocations": 1827,
      "gc_time_ns": 14342.884477254589,
      "samples": 5012
    },
    "parse/cpp": {
      "time_ns": {
        "minimum": 971835.0,
        "median": 1.007148e6,
        "mean": 1.076226701055352e6,
        "maximum": 6.8069101e7,
        "std": 1.759707876321654e6
      },
      "memory_bytes": 161936,
      "allocations": 1866,
      "gc_time_ns": 15133.717208701271,
      "samples": 4643
    },
    "parse/go": {
      "time_ns": {
        "minimum": 855773.0,
        "median": 890644.0,
        "mean": 962198.2580396688,
        "maximum": 8.0576565e7,
        "std": 1.9390625832169137e6
      },
      "memory_bytes": 164368,
      "allocations": 1908,
      "gc_time_ns": 13953.054111303678,
      "samples": 5193
    },
    "parse/java": {
      "time_ns": {
        "minimum": 934540.0,
        "median": 972777.0,
        "mean": 1.0373130271953498e6,
        "maximum": 7.0890643e7,
        "std": 1.658704534462106e6
      },
      "memory_bytes": 162752,
      "allocations": 1837,
      "gc_time_ns": 14526.753581067054,
      "samples": 4817
    },
    "parse/javascript": {
      "time_ns": {
        "minimum": 965205.0,
        "median": 996832.0,
        "mean": 1.0994957533553354e6,
        "maximum": 1.65292726e8,
        "std": 3.1010184297281746e6
      },
      "memory_bytes": 179712,
      "allocations": 1980,
      "gc_time_ns": 52107.30165016502,
      "samples": 4545
    },
    "parse/julia": {
      "time_ns": {
        "minimum": 1.068049e6,
        "median": 1.097453e6,
        "mean": 1.2208494258490105e6,
        "maximum": 1.52000865e8,
        "std": 2.959010546277099e6
      },
      "memory_bytes": 352784,
      "allocations": 5023,
      "gc_time_ns": 64262.736379183974,
      "samples": 4093
    },
    "parse/php": {
      "time_ns": {
        "minimum": 1.106776e6,
        "median": 1.1330855e6,
        "mean": 1.255535298994975e6,
        "maximum": 1.61818264e8,
        "std": 3.4405904293748336e6
      },
      "memory_bytes": 166400,
      "allocations": 1845,
      "gc_time_ns": 53700.438190954774,
      "samples": 3980
    },
    "parse/python": {
      "time_ns": {
        "minimum": 854481.0,
        "median": 889779.0,
        "mean": 964994.155272306,
        "maximum": 7.2899956e7,
        "std": 1.8347525265023864e6
      },
      "memory_bytes": 165168,
      "allocations": 1850,
      "gc_time_ns": 14679.603514870607,
      "samples": 5178
    },
    "parse/ruby": {
      "time_ns": {
        "minimum": 1.066195e6,
        "median": 1.093176e6,
        "mean": 1.1878059032564773e6,
        "maximum": 1.16504868e8,
        "std": 2.663513631237193e6
      },
      "memory_bytes": 152568,
      "allocations": 1665,
      "gc_time_ns": 12750.36296648443,
      "samples": 4207
    },
    "parse/rust": {
      "time_ns": {
        "minimum": 979617.0,
        "median": 1.010342e6,
        "mean": 1.1037384643251603e6,
        "maximum": 1.57091945e8,
        "std": 2.8528295273215664e6
      },
      "memory_bytes": 167632,
      "allocations": 1841,
      "gc_time_ns": 45830.751270156834,
      "samples": 4527
    },
    "parse/typescript": {
      "time_ns": {
        "minimum": 1.00823e6,
        "median": 1.038013e6,
        "mean": 1.1148240129406515e6,
        "maximum": 7.6760961e7,
        "std": 1.9431430217806664e6
      },
      "memory_bytes": 160928,
      "allocations": 1866,
      "gc_time_ns": 15381.133422579205,
      "samples": 4482
    },
    "stages/baseline": {
      "time_ns": {
        "minimum": 3.291583e7,
        "median": 3.32087705e7,
        "mean": 3.3444172726666667e7,
        "maximum": 4.8843135e7,
        "std": 1.3161198442010046e6
      },
      "memory_bytes": 1177656,
      "allocations": 4851,
      "gc_time_ns": 99929.81333333334,
      "samples": 150
    },
    "stages/clones_exact": {
      "time_ns": {
        "minimum": 2.5782592e7,
        "median": 2.8744862e7,
        "mean": 2.8207335966292135e7,
        "maximum": 3.1323171e7,
        "std": 1.195553369110675e6
      },
      "memory_bytes": 12188776,
      "allocations": 62505,
      "gc_time_ns": 942941.3876404495,
      "samples": 178
    },
    "stages/clones_near": {
      "time_ns": {
        "minimum": 6.51289408e8,
        "median": 6.580828455e8,
        "mean": 6.61567485125e8,
        "maximum": 6.81132037e8,
        "std": 1.068765035910857e7
      },
      "memory_bytes": 57900920,
      "allocations": 169343,
      "gc_time_ns": 3.234996e6,
      "samples": 8
    },
    "stages/cohesion": {
      "time_ns": {
        "minimum": 15873.0,
        "median": 17756.0,
        "mean": 23604.2779,
        "maximum": 1.2551846e7,
        "std": 177810.33491192467
      },
      "memory_bytes": 26568,
      "allocations": 305,
      "gc_time_ns": 2796.0992,
      "samples": 10000
    },
    "stages/corpus_graph": {
      "time_ns": {
        "minimum": 4.4318838e7,
        "median": 4.74794475e7,
        "mean": 4.8136683663461536e7,
        "maximum": 7.985228e7,
        "std": 5.10707979110555e6
      },
      "memory_bytes": 7435736,
      "allocations": 119031,
      "gc_time_ns": 675274.6057692308,
      "samples": 104
    },
    "stages/naturalness": {
      "time_ns": {
        "minimum": 5.1431724e7,
        "median": 5.31533545e7,
        "mean": 5.3541197872340426e7,
        "maximum": 7.4996197e7,
        "std": 3.231193526471172e6
      },
      "memory_bytes": 5645448,
      "allocations": 56977,
      "gc_time_ns": 461012.39361702127,
      "samples": 94
    }
  },
  "cpu_threads": 4,
  "git": {
    "branch": "main",
    "commit": "3f8429ad49395ea04c4dd5bb3b9751d3406287b9",
    "dirty": false
  },
  "julia_version": "1.12.6",
  "os": "Linux",
  "timestamp": "2026-06-29T20:54:33Z"
}