{
  "arch": "x86_64",
  "benchmarks": {
    "analyze/corpus": {
      "time_ns": {
        "minimum": 1.21159962e8,
        "median": 1.23399062e8,
        "mean": 1.3040262541025642e8,
        "maximum": 2.67835805e8,
        "std": 2.3846113129824765e7
      },
      "memory_bytes": 22628344,
      "allocations": 196572,
      "gc_time_ns": 5.686808230769231e6,
      "samples": 39
    },
    "parse/bash": {
      "time_ns": {
        "minimum": 772710.0,
        "median": 814007.0,
        "mean": 891305.354776848,
        "maximum": 2.14218209e8,
        "std": 3.876281044957633e6
      },
      "memory_bytes": 69264,
      "allocations": 891,
      "gc_time_ns": 10545.804916317991,
      "samples": 5736
    },
    "parse/c": {
      "time_ns": {
        "minimum": 895715.0,
        "median": 929145.0,
        "mean": 995019.3622062923,
        "maximum": 9.1928993e7,
        "std": 2.0107125206712703e6
      },
      "memory_bytes": 159728,
      "allocations": 1827,
      "gc_time_ns": 13787.964755077659,
      "samples": 5022
    },
    "parse/cpp": {
      "time_ns": {
        "minimum": 965599.0,
        "median": 1.0076925e6,
        "mean": 1.0788019356649395e6,
        "maximum": 7.5011181e7,
        "std": 1.940351002654131e6
      },
      "memory_bytes": 161920,
      "allocations": 1866,
      "gc_time_ns": 14884.291882556132,
      "samples": 4632
    },
    "parse/go": {
      "time_ns": {
        "minimum": 850357.0,
        "median": 887292.0,
        "mean": 970474.8098659934,
        "maximum": 9.3640253e7,
        "std": 2.185842490757066e6
      },
      "memory_bytes": 164352,
      "allocations": 1908,
      "gc_time_ns": 15316.618178287046,
      "samples": 5149
    },
    "parse/java": {
      "time_ns": {
        "minimum": 936075.0,
        "median": 974482.0,
        "mean": 1.0512964252051336e6,
        "maximum": 7.9410706e7,
        "std": 1.8627122458958167e6
      },
      "memory_bytes": 162736,
      "allocations": 1837,
      "gc_time_ns": 15703.490847885547,
      "samples": 4753
    },
    "parse/javascript": {
      "time_ns": {
        "minimum": 961673.0,
        "median": 996836.0,
        "mean": 1.1032191664841182e6,
        "maximum": 1.6683046e8,
        "std": 3.1851325964888777e6
      },
      "memory_bytes": 179696,
      "allocations": 1980,
      "gc_time_ns": 53160.538444687845,
      "samples": 4565
    },
    "parse/julia": {
      "time_ns": {
        "minimum": 1.061854e6,
        "median": 1.097187e6,
        "mean": 1.2262066074582925e6,
        "maximum": 1.60951241e8,
        "std": 3.119576651606454e6
      },
      "memory_bytes": 352768,
      "allocations": 5023,
      "gc_time_ns": 67707.41805691854,
      "samples": 4076
    },
    "parse/php": {
      "time_ns": {
        "minimum": 1.101213e6,
        "median": 1.133036e6,
        "mean": 1.258544117299162e6,
        "maximum": 1.67758306e8,
        "std": 3.5499041200177106e6
      },
      "memory_bytes": 166384,
      "allocations": 1845,
      "gc_time_ns": 54881.137013307045,
      "samples": 4058
    },
    "parse/python": {
      "time_ns": {
        "minimum": 854853.0,
        "median": 891253.0,
        "mean": 973735.9978565861,
        "maximum": 8.3282471e7,
        "std": 2.073200742600698e6
      },
      "memory_bytes": 165152,
      "allocations": 1850,
      "gc_time_ns": 15241.2878020265,
      "samples": 5132
    },
    "parse/ruby": {
      "time_ns": {
        "minimum": 1.066301e6,
        "median": 1.096185e6,
        "mean": 1.1862951075243296e6,
        "maximum": 1.2190481e8,
        "std": 2.777753251956788e6
      },
      "memory_bytes": 152552,
      "allocations": 1665,
      "gc_time_ns": 13125.984334203655,
      "samples": 4213
    },
    "parse/rust": {
      "time_ns": {
        "minimum": 1.003967e6,
        "median": 1.033772e6,
        "mean": 1.135501490343104e6,
        "maximum": 1.6812063e8,
        "std": 3.125537916387839e6
      },
      "memory_bytes": 167616,
      "allocations": 1841,
      "gc_time_ns": 50368.11542831175,
      "samples": 4401
    },
    "parse/typescript": {
      "time_ns": {
        "minimum": 1.006971e6,
        "median": 1.03945e6,
        "mean": 1.1190655974025973e6,
        "maximum": 8.3429787e7,
        "std": 2.1385008541333065e6
      },
      "memory_bytes": 160912,
      "allocations": 1866,
      "gc_time_ns": 14981.055754590237,
      "samples": 4466
    },
    "stages/baseline": {
      "time_ns": {
        "minimum": 3.4614734e7,
        "median": 3.5366713e7,
        "mean": 3.5500753588652484e7,
        "maximum": 5.2758848e7,
        "std": 1.5604866813848084e6
      },
      "memory_bytes": 1177656,
      "allocations": 4851,
      "gc_time_ns": 109220.45390070922,
      "samples": 141
    },
    "stages/clones_exact": {
      "time_ns": {
        "minimum": 2.6147211e7,
        "median": 2.8168836e7,
        "mean": 2.8318933372881357e7,
        "maximum": 4.2456835e7,
        "std": 1.56684939081244e6
      },
      "memory_bytes": 12356832,
      "allocations": 62511,
      "gc_time_ns": 913339.7570621469,
      "samples": 177
    },
    "stages/clones_near": {
      "time_ns": {
        "minimum": 6.67265291e8,
        "median": 6.738573145e8,
        "mean": 6.72680397375e8,
        "maximum": 6.76259255e8,
        "std": 3.1488964408668154e6
      },
      "memory_bytes": 57900920,
      "allocations": 169343,
      "gc_time_ns": 3.23664575e6,
      "samples": 8
    },
    "stages/cohesion": {
      "time_ns": {
        "minimum": 15974.0,
        "median": 17837.0,
        "mean": 23508.066,
        "maximum": 1.2313955e7,
        "std": 172861.58135344487
      },
      "memory_bytes": 26568,
      "allocations": 305,
      "gc_time_ns": 2723.192,
      "samples": 10000
    },
    "stages/corpus_graph": {
      "time_ns": {
        "minimum": 4.3927525e7,
        "median": 4.57921725e7,
        "mean": 4.7372082594339624e7,
        "maximum": 7.8149181e7,
        "std": 5.452171411920973e6
      },
      "memory_bytes": 7337688,
      "allocations": 119013,
      "gc_time_ns": 684704.2924528302,
      "samples": 106
    },
    "stages/naturalness": {
      "time_ns": {
        "minimum": 5.214922e7,
        "median": 5.3147489e7,
        "mean": 5.379132719354839e7,
        "maximum": 7.5944839e7,
        "std": 3.0183653706728313e6
      },
      "memory_bytes": 5645448,
      "allocations": 56977,
      "gc_time_ns": 469183.5376344086,
      "samples": 93
    }
  },
  "cpu_threads": 4,
  "git": {
    "branch": "main",
    "commit": "982c4f12853d0b7c8312c455283eb1830f36d100",
    "dirty": false
  },
  "julia_version": "1.12.6",
  "os": "Linux",
  "timestamp": "2026-06-29T15:05:36Z"
}