{
  "arch": "x86_64",
  "benchmarks": {
    "analyze/corpus": {
      "time_ns": {
        "minimum": 1.39895535e8,
        "median": 1.43274688e8,
        "mean": 1.4730193620588234e8,
        "maximum": 1.75815913e8,
        "std": 9.286165107105814e6
      },
      "memory_bytes": 24043464,
      "allocations": 213141,
      "gc_time_ns": 2.1539869411764704e6,
      "samples": 34
    },
    "parse/bash": {
      "time_ns": {
        "minimum": 776043.0,
        "median": 818586.0,
        "mean": 873055.1859164773,
        "maximum": 2.35457916e8,
        "std": 3.1020405154027967e6
      },
      "memory_bytes": 69280,
      "allocations": 891,
      "gc_time_ns": 5583.224532587804,
      "samples": 5723
    },
    "parse/c": {
      "time_ns": {
        "minimum": 897998.0,
        "median": 938724.0,
        "mean": 1.0315188437241949e6,
        "maximum": 1.16052996e8,
        "std": 2.50163913198987e6
      },
      "memory_bytes": 159744,
      "allocations": 1827,
      "gc_time_ns": 17340.225846407928,
      "samples": 4844
    },
    "parse/cpp": {
      "time_ns": {
        "minimum": 989891.0,
        "median": 1.018052e6,
        "mean": 1.1057710347252747e6,
        "maximum": 9.1784051e7,
        "std": 2.327879635132272e6
      },
      "memory_bytes": 161936,
      "allocations": 1866,
      "gc_time_ns": 18646.54065934066,
      "samples": 4550
    },
    "parse/go": {
      "time_ns": {
        "minimum": 858876.0,
        "median": 897023.0,
        "mean": 983772.3502658004,
        "maximum": 1.07537747e8,
        "std": 2.487640399303043e6
      },
      "memory_bytes": 164368,
      "allocations": 1908,
      "gc_time_ns": 17077.568615869266,
      "samples": 5079
    },
    "parse/java": {
      "time_ns": {
        "minimum": 948709.0,
        "median": 984957.5,
        "mean": 1.061433492353441e6,
        "maximum": 8.4580539e7,
        "std": 1.9026755628686526e6
      },
      "memory_bytes": 162752,
      "allocations": 1837,
      "gc_time_ns": 18390.841758708582,
      "samples": 4708
    },
    "parse/javascript": {
      "time_ns": {
        "minimum": 966164.0,
        "median": 1.006324e6,
        "mean": 1.1198187524086938e6,
        "maximum": 1.92401369e8,
        "std": 3.589378251569644e6
      },
      "memory_bytes": 179712,
      "allocations": 1980,
      "gc_time_ns": 58683.96325341699,
      "samples": 4463
    },
    "parse/julia": {
      "time_ns": {
        "minimum": 1.080374e6,
        "median": 1.110374e6,
        "mean": 1.2619912444444445e6,
        "maximum": 1.77184687e8,
        "std": 3.5593897366059786e6
      },
      "memory_bytes": 352784,
      "allocations": 5023,
      "gc_time_ns": 79239.99974747475,
      "samples": 3960
    },
    "parse/php": {
      "time_ns": {
        "minimum": 1.109538e6,
        "median": 1.1403185e6,
        "mean": 1.2384089938057482e6,
        "maximum": 1.17475165e8,
        "std": 2.7616282344896863e6
      },
      "memory_bytes": 166400,
      "allocations": 1845,
      "gc_time_ns": 22831.40832507433,
      "samples": 4036
    },
    "parse/python": {
      "time_ns": {
        "minimum": 856621.0,
        "median": 900096.0,
        "mean": 998689.5047923323,
        "maximum": 1.08639568e8,
        "std": 2.5523767898484576e6
      },
      "memory_bytes": 165168,
      "allocations": 1850,
      "gc_time_ns": 18606.486821086262,
      "samples": 5008
    },
    "parse/ruby": {
      "time_ns": {
        "minimum": 1.07033e6,
        "median": 1.104951e6,
        "mean": 1.2111505588948133e6,
        "maximum": 1.4387733e8,
        "std": 3.22486013339449e6
      },
      "memory_bytes": 152568,
      "allocations": 1665,
      "gc_time_ns": 16107.504120213282,
      "samples": 4126
    },
    "parse/rust": {
      "time_ns": {
        "minimum": 990482.0,
        "median": 1.0229745e6,
        "mean": 1.142479119341564e6,
        "maximum": 1.86597973e8,
        "std": 3.5405146691206046e6
      },
      "memory_bytes": 167632,
      "allocations": 1841,
      "gc_time_ns": 58113.05144032922,
      "samples": 4374
    },
    "parse/typescript": {
      "time_ns": {
        "minimum": 1.021168e6,
        "median": 1.050021e6,
        "mean": 1.1385255741626795e6,
        "maximum": 1.0128114e8,
        "std": 2.5422257430157145e6
      },
      "memory_bytes": 160928,
      "allocations": 1866,
      "gc_time_ns": 17190.673046251995,
      "samples": 4389
    },
    "stages/baseline": {
      "time_ns": {
        "minimum": 3.3341783e7,
        "median": 3.55103395e7,
        "mean": 3.582963624285714e7,
        "maximum": 5.1879844e7,
        "std": 2.235586055832015e6
      },
      "memory_bytes": 1177656,
      "allocations": 4851,
      "gc_time_ns": 113759.36428571428,
      "samples": 140
    },
    "stages/clones_exact": {
      "time_ns": {
        "minimum": 2.7083261e7,
        "median": 2.9588462e7,
        "mean": 2.965844550295858e7,
        "maximum": 3.4092591e7,
        "std": 1.2407236504432564e6
      },
      "memory_bytes": 12356832,
      "allocations": 62511,
      "gc_time_ns": 1.1075282130177515e6,
      "samples": 169
    },
    "stages/clones_near": {
      "time_ns": {
        "minimum": 6.71470773e8,
        "median": 6.787544105e8,
        "mean": 6.87893086e8,
        "maximum": 7.12964617e8,
        "std": 1.7092863171220873e7
      },
      "memory_bytes": 57900920,
      "allocations": 169343,
      "gc_time_ns": 3.33381625e6,
      "samples": 8
    },
    "stages/cohesion": {
      "time_ns": {
        "minimum": 16815.0,
        "median": 18918.0,
        "mean": 24666.6282,
        "maximum": 1.3580909e7,
        "std": 186379.23889772804
      },
      "memory_bytes": 26568,
      "allocations": 305,
      "gc_time_ns": 2616.2304,
      "samples": 10000
    },
    "stages/corpus_graph": {
      "time_ns": {
        "minimum": 4.5665808e7,
        "median": 5.105437e7,
        "mean": 5.295011688421053e7,
        "maximum": 9.3735065e7,
        "std": 7.0669744206124535e6
      },
      "memory_bytes": 7347320,
      "allocations": 119014,
      "gc_time_ns": 751363.0105263158,
      "samples": 95
    },
    "stages/naturalness": {
      "time_ns": {
        "minimum": 5.3111747e7,
        "median": 5.5417931e7,
        "mean": 5.6193264730337076e7,
        "maximum": 8.3173822e7,
        "std": 3.670753333369602e6
      },
      "memory_bytes": 5645448,
      "allocations": 56977,
      "gc_time_ns": 573703.0561797753,
      "samples": 89
    }
  },
  "cpu_threads": 4,
  "git": {
    "branch": "main",
    "commit": "69f1db147d1283a0111528f318c183658b9ac7e2",
    "dirty": false
  },
  "julia_version": "1.12.6",
  "os": "Linux",
  "timestamp": "2026-06-30T10:28:22Z"
}