{
  "arch": "x86_64",
  "benchmarks": {
    "analyze/corpus": {
      "time_ns": {
        "minimum": 1.35171923e8,
        "median": 1.37717098e8,
        "mean": 1.4194468930555555e8,
        "maximum": 1.6339152e8,
        "std": 8.062789888904661e6
      },
      "memory_bytes": 24342192,
      "allocations": 214346,
      "gc_time_ns": 2.215146777777778e6,
      "samples": 36
    },
    "calibration": {
      "time_ns": {
        "minimum": 617198.0,
        "median": 625054.0,
        "mean": 622948.2866043614,
        "maximum": 721266.0,
        "std": 5138.201916628336
      },
      "memory_bytes": 0,
      "allocations": 0,
      "gc_time_ns": 0.0,
      "samples": 8025
    },
    "parse/bash": {
      "time_ns": {
        "minimum": 815304.0,
        "median": 859312.0,
        "mean": 903062.21384671,
        "maximum": 2.03978632e8,
        "std": 2.7310621300712214e6
      },
      "memory_bytes": 68160,
      "allocations": 893,
      "gc_time_ns": 4879.6952277657265,
      "samples": 5532
    },
    "parse/c": {
      "time_ns": {
        "minimum": 922717.0,
        "median": 956401.0,
        "mean": 1.023652352591682e6,
        "maximum": 8.4781978e7,
        "std": 1.9410125009026923e6
      },
      "memory_bytes": 158624,
      "allocations": 1829,
      "gc_time_ns": 12660.265109608687,
      "samples": 4881
    },
    "parse/cpp": {
      "time_ns": {
        "minimum": 1.005644e6,
        "median": 1.024179e6,
        "mean": 1.0950759813719045e6,
        "maximum": 7.2743635e7,
        "std": 1.8769867232546771e6
      },
      "memory_bytes": 160816,
      "allocations": 1868,
      "gc_time_ns": 14300.321060705675,
      "samples": 4563
    },
    "parse/go": {
      "time_ns": {
        "minimum": 875118.0,
        "median": 912589.0,
        "mean": 985335.5677381187,
        "maximum": 8.5595665e7,
        "std": 2.0425294211088405e6
      },
      "memory_bytes": 163248,
      "allocations": 1910,
      "gc_time_ns": 12848.048905541313,
      "samples": 5071
    },
    "parse/java": {
      "time_ns": {
        "minimum": 968955.0,
        "median": 1.0049435e6,
        "mean": 1.0694703666523972e6,
        "maximum": 7.0706919e7,
        "std": 1.5624067533709246e6
      },
      "memory_bytes": 161632,
      "allocations": 1839,
      "gc_time_ns": 13395.614083904109,
      "samples": 4672
    },
    "parse/javascript": {
      "time_ns": {
        "minimum": 1.011475e6,
        "median": 1.033026e6,
        "mean": 1.122502495507637e6,
        "maximum": 1.58955799e8,
        "std": 2.8747670815196186e6
      },
      "memory_bytes": 178592,
      "allocations": 1982,
      "gc_time_ns": 46636.15184186882,
      "samples": 4452
    },
    "parse/julia": {
      "time_ns": {
        "minimum": 1.123543e6,
        "median": 1.149627e6,
        "mean": 1.2830445132220795e6,
        "maximum": 1.5688254e8,
        "std": 3.123069161799156e6
      },
      "memory_bytes": 351760,
      "allocations": 5028,
      "gc_time_ns": 67672.46906290116,
      "samples": 3895
    },
    "parse/php": {
      "time_ns": {
        "minimum": 1.15635e6,
        "median": 1.18312e6,
        "mean": 1.2624064139934327e6,
        "maximum": 8.8029658e7,
        "std": 2.1469124352442687e6
      },
      "memory_bytes": 165280,
      "allocations": 1847,
      "gc_time_ns": 18516.89744885072,
      "samples": 3959
    },
    "parse/python": {
      "time_ns": {
        "minimum": 883933.0,
        "median": 923689.0,
        "mean": 1.0004203083083084e6,
        "maximum": 7.5999726e7,
        "std": 1.9329610040716224e6
      },
      "memory_bytes": 164048,
      "allocations": 1852,
      "gc_time_ns": 13643.305905905905,
      "samples": 4995
    },
    "parse/ruby": {
      "time_ns": {
        "minimum": 1.104541e6,
        "median": 1.126243e6,
        "mean": 1.2234551307221542e6,
        "maximum": 1.25261076e8,
        "std": 2.8913366264753947e6
      },
      "memory_bytes": 151448,
      "allocations": 1667,
      "gc_time_ns": 13107.811505507956,
      "samples": 4085
    },
    "parse/rust": {
      "time_ns": {
        "minimum": 1.022195e6,
        "median": 1.043186e6,
        "mean": 1.1474154567164178e6,
        "maximum": 1.55817501e8,
        "std": 2.9400582449145806e6
      },
      "memory_bytes": 166512,
      "allocations": 1843,
      "gc_time_ns": 48571.97520091848,
      "samples": 4355
    },
    "parse/typescript": {
      "time_ns": {
        "minimum": 1.055319e6,
        "median": 1.077611e6,
        "mean": 1.1563041105969457e6,
        "maximum": 7.5086004e7,
        "std": 1.9579295368473744e6
      },
      "memory_bytes": 159808,
      "allocations": 1868,
      "gc_time_ns": 13346.975474317445,
      "samples": 4322
    },
    "stages/baseline": {
      "time_ns": {
        "minimum": 3.2174813e7,
        "median": 3.2635865e7,
        "mean": 3.2797577039215688e7,
        "maximum": 4.6944813e7,
        "std": 1.2110886828947044e6
      },
      "memory_bytes": 1193320,
      "allocations": 4875,
      "gc_time_ns": 91875.76470588235,
      "samples": 153
    },
    "stages/clones_exact": {
      "time_ns": {
        "minimum": 2.5010639e7,
        "median": 2.7089125e7,
        "mean": 2.692607373655914e7,
        "maximum": 3.0122649e7,
        "std": 946742.5681816573
      },
      "memory_bytes": 12356832,
      "allocations": 62511,
      "gc_time_ns": 1.051789994623656e6,
      "samples": 186
    },
    "stages/clones_near": {
      "time_ns": {
        "minimum": 6.05789363e8,
        "median": 6.10205906e8,
        "mean": 6.105549902222222e8,
        "maximum": 6.16561935e8,
        "std": 3.701358548372198e6
      },
      "memory_bytes": 59862432,
      "allocations": 169366,
      "gc_time_ns": 3.3150985555555555e6,
      "samples": 9
    },
    "stages/cohesion": {
      "time_ns": {
        "minimum": 14558.0,
        "median": 16852.0,
        "mean": 22685.5047,
        "maximum": 1.2153043e7,
        "std": 173714.88088777362
      },
      "memory_bytes": 26568,
      "allocations": 305,
      "gc_time_ns": 2788.433,
      "samples": 10000
    },
    "stages/corpus_graph": {
      "time_ns": {
        "minimum": 5.1542517e7,
        "median": 5.4012264e7,
        "mean": 5.4941623615384616e7,
        "maximum": 8.4203334e7,
        "std": 4.934432524194685e6
      },
      "memory_bytes": 7364432,
      "allocations": 119323,
      "gc_time_ns": 662371.3626373627,
      "samples": 91
    },
    "stages/naturalness": {
      "time_ns": {
        "minimum": 4.8912542e7,
        "median": 4.9809935e7,
        "mean": 5.042883856e7,
        "maximum": 7.1833749e7,
        "std": 2.7714322268651663e6
      },
      "memory_bytes": 5710560,
      "allocations": 57586,
      "gc_time_ns": 464922.96,
      "samples": 100
    }
  },
  "cpu_threads": 4,
  "git": {
    "branch": "main",
    "commit": "4108276211f1eab257ee3f8fad55c9939320002b",
    "dirty": true
  },
  "julia_version": "1.12.6",
  "os": "Linux",
  "timestamp": "2026-07-01T17:11:34Z"
}