{
  "arch": "x86_64",
  "benchmarks": {
    "analyze/corpus": {
      "time_ns": {
        "minimum": 1.29418856e8,
        "median": 1.32142932e8,
        "mean": 1.3899406358333334e8,
        "maximum": 2.61701915e8,
        "std": 2.2288077091224328e7
      },
      "memory_bytes": 24043464,
      "allocations": 213141,
      "gc_time_ns": 5.358546416666667e6,
      "samples": 36
    },
    "parse/bash": {
      "time_ns": {
        "minimum": 814040.0,
        "median": 856294.0,
        "mean": 929699.224981871,
        "maximum": 1.81299479e8,
        "std": 3.4201944339464707e6
      },
      "memory_bytes": 69280,
      "allocations": 891,
      "gc_time_ns": 8765.6571791153,
      "samples": 5516
    },
    "parse/c": {
      "time_ns": {
        "minimum": 925488.0,
        "median": 956321.0,
        "mean": 1.0209058070353803e6,
        "maximum": 7.4450869e7,
        "std": 1.7670772781867466e6
      },
      "memory_bytes": 159744,
      "allocations": 1827,
      "gc_time_ns": 13099.785481903213,
      "samples": 4918
    },
    "parse/cpp": {
      "time_ns": {
        "minimum": 1.00672e6,
        "median": 1.024494e6,
        "mean": 1.096472895545315e6,
        "maximum": 6.465717e7,
        "std": 1.6910117696388778e6
      },
      "memory_bytes": 161936,
      "allocations": 1866,
      "gc_time_ns": 13723.216589861751,
      "samples": 4557
    },
    "parse/go": {
      "time_ns": {
        "minimum": 871007.0,
        "median": 907725.0,
        "mean": 975501.5778992581,
        "maximum": 7.6007908e7,
        "std": 1.8194200269156657e6
      },
      "memory_bytes": 164368,
      "allocations": 1908,
      "gc_time_ns": 12457.368215540804,
      "samples": 5122
    },
    "parse/java": {
      "time_ns": {
        "minimum": 965302.0,
        "median": 1.000338e6,
        "mean": 1.0616707459103463e6,
        "maximum": 6.6438941e7,
        "std": 1.5414499335416502e6
      },
      "memory_bytes": 162752,
      "allocations": 1837,
      "gc_time_ns": 12439.243467176546,
      "samples": 4707
    },
    "parse/javascript": {
      "time_ns": {
        "minimum": 1.01192e6,
        "median": 1.031642e6,
        "mean": 1.1300463900949797e6,
        "maximum": 1.49383122e8,
        "std": 2.869489132877275e6
      },
      "memory_bytes": 179712,
      "allocations": 1980,
      "gc_time_ns": 48136.838760741746,
      "samples": 4422
    },
    "parse/julia": {
      "time_ns": {
        "minimum": 1.100034e6,
        "median": 1.121655e6,
        "mean": 1.2409578711199404e6,
        "maximum": 1.42646448e8,
        "std": 2.791336194978491e6
      },
      "memory_bytes": 352784,
      "allocations": 5023,
      "gc_time_ns": 58279.31114973926,
      "samples": 4027
    },
    "parse/php": {
      "time_ns": {
        "minimum": 1.1511e6,
        "median": 1.168953e6,
        "mean": 1.2797323072983355e6,
        "maximum": 1.48183025e8,
        "std": 3.0344879527179324e6
      },
      "memory_bytes": 166400,
      "allocations": 1845,
      "gc_time_ns": 48527.35928297055,
      "samples": 3905
    },
    "parse/python": {
      "time_ns": {
        "minimum": 888479.0,
        "median": 925268.0,
        "mean": 998758.0607635418,
        "maximum": 7.3737437e7,
        "std": 1.7949192197420467e6
      },
      "memory_bytes": 165168,
      "allocations": 1850,
      "gc_time_ns": 13227.9294423346,
      "samples": 5003
    },
    "parse/ruby": {
      "time_ns": {
        "minimum": 1.110845e6,
        "median": 1.127275e6,
        "mean": 1.2334834126750184e6,
        "maximum": 1.07508007e8,
        "std": 2.7467195357995736e6
      },
      "memory_bytes": 152568,
      "allocations": 1665,
      "gc_time_ns": 17005.821911078358,
      "samples": 4071
    },
    "parse/rust": {
      "time_ns": {
        "minimum": 1.023903e6,
        "median": 1.04411e6,
        "mean": 1.142511696159122e6,
        "maximum": 1.46114956e8,
        "std": 2.714168813938095e6
      },
      "memory_bytes": 167632,
      "allocations": 1841,
      "gc_time_ns": 42771.42043895747,
      "samples": 4374
    },
    "parse/typescript": {
      "time_ns": {
        "minimum": 1.051454e6,
        "median": 1.072092e6,
        "mean": 1.1466135890316658e6,
        "maximum": 7.2028139e7,
        "std": 1.8248429339708004e6
      },
      "memory_bytes": 160928,
      "allocations": 1866,
      "gc_time_ns": 13271.059889857734,
      "samples": 4358
    },
    "stages/baseline": {
      "time_ns": {
        "minimum": 2.9224879e7,
        "median": 3.0465626e7,
        "mean": 3.0413170296969697e7,
        "maximum": 4.4382797e7,
        "std": 1.4992804917247123e6
      },
      "memory_bytes": 1177656,
      "allocations": 4851,
      "gc_time_ns": 80044.3393939394,
      "samples": 165
    },
    "stages/clones_exact": {
      "time_ns": {
        "minimum": 2.209819e7,
        "median": 2.40044705e7,
        "mean": 2.3910793061904762e7,
        "maximum": 2.8190017e7,
        "std": 864421.7313382564
      },
      "memory_bytes": 12356832,
      "allocations": 62511,
      "gc_time_ns": 667358.4714285714,
      "samples": 210
    },
    "stages/clones_near": {
      "time_ns": {
        "minimum": 6.06263979e8,
        "median": 6.0912972e8,
        "mean": 6.088402005555556e8,
        "maximum": 6.10630833e8,
        "std": 1.47578911103578e6
      },
      "memory_bytes": 57900920,
      "allocations": 169343,
      "gc_time_ns": 2.897928888888889e6,
      "samples": 9
    },
    "stages/cohesion": {
      "time_ns": {
        "minimum": 14327.0,
        "median": 15570.0,
        "mean": 20499.8471,
        "maximum": 1.0280269e7,
        "std": 139298.55705953884
      },
      "memory_bytes": 26568,
      "allocations": 305,
      "gc_time_ns": 2139.8833,
      "samples": 10000
    },
    "stages/corpus_graph": {
      "time_ns": {
        "minimum": 4.1602524e7,
        "median": 4.3328118e7,
        "mean": 4.460351153982301e7,
        "maximum": 6.859738e7,
        "std": 4.04296704520908e6
      },
      "memory_bytes": 7435736,
      "allocations": 119031,
      "gc_time_ns": 549899.2389380531,
      "samples": 113
    },
    "stages/naturalness": {
      "time_ns": {
        "minimum": 4.6659236e7,
        "median": 4.8328644e7,
        "mean": 4.865702004854369e7,
        "maximum": 6.725525e7,
        "std": 2.54095115152451e6
      },
      "memory_bytes": 5645448,
      "allocations": 56977,
      "gc_time_ns": 380949.3786407767,
      "samples": 103
    }
  },
  "cpu_threads": 4,
  "git": {
    "branch": "main",
    "commit": "2731b0d0af2b1673e3fb8a71627d902151198a71",
    "dirty": true
  },
  "julia_version": "1.12.6",
  "os": "Linux",
  "timestamp": "2026-06-30T10:45:09Z"
}