{
  "arch": "x86_64",
  "benchmarks": {
    "analyze/corpus": {
      "time_ns": {
        "minimum": 1.24189928e8,
        "median": 1.31217865e8,
        "mean": 1.3664896543243244e8,
        "maximum": 2.47088542e8,
        "std": 1.9883736659642443e7
      },
      "memory_bytes": 24174824,
      "allocations": 213273,
      "gc_time_ns": 4.731219513513514e6,
      "samples": 37
    },
    "calibration": {
      "time_ns": {
        "minimum": 569029.0,
        "median": 617991.0,
        "mean": 612253.4704225352,
        "maximum": 685717.0,
        "std": 19837.9391265041
      },
      "memory_bytes": 0,
      "allocations": 0,
      "gc_time_ns": 0.0,
      "samples": 8165
    },
    "parse/bash": {
      "time_ns": {
        "minimum": 752842.0,
        "median": 851164.5,
        "mean": 915606.4679811867,
        "maximum": 1.83414369e8,
        "std": 3.3919334824718647e6
      },
      "memory_bytes": 69280,
      "allocations": 891,
      "gc_time_ns": 8468.102206946454,
      "samples": 5528
    },
    "parse/c": {
      "time_ns": {
        "minimum": 848811.0,
        "median": 949539.0,
        "mean": 994125.577879451,
        "maximum": 6.984788e7,
        "std": 1.6190407193159005e6
      },
      "memory_bytes": 159744,
      "allocations": 1827,
      "gc_time_ns": 11281.01173662224,
      "samples": 5027
    },
    "parse/cpp": {
      "time_ns": {
        "minimum": 911587.0,
        "median": 1.018777e6,
        "mean": 1.070518325621251e6,
        "maximum": 6.3228319e7,
        "std": 1.5536134501020145e6
      },
      "memory_bytes": 161936,
      "allocations": 1866,
      "gc_time_ns": 11499.979220222793,
      "samples": 4668
    },
    "parse/go": {
      "time_ns": {
        "minimum": 812472.0,
        "median": 906858.0,
        "mean": 964419.8720324262,
        "maximum": 7.4178134e7,
        "std": 1.7743403435322575e6
      },
      "memory_bytes": 164368,
      "allocations": 1908,
      "gc_time_ns": 11816.624010808724,
      "samples": 5181
    },
    "parse/java": {
      "time_ns": {
        "minimum": 898994.0,
        "median": 1.001025e6,
        "mean": 1.0561708499260198e6,
        "maximum": 6.5381545e7,
        "std": 1.454313177674619e6
      },
      "memory_bytes": 162752,
      "allocations": 1837,
      "gc_time_ns": 11595.333967448742,
      "samples": 4731
    },
    "parse/javascript": {
      "time_ns": {
        "minimum": 923760.0,
        "median": 1.025675e6,
        "mean": 1.1096230401865009e6,
        "maximum": 1.41213054e8,
        "std": 2.6850872539280835e6
      },
      "memory_bytes": 179712,
      "allocations": 1980,
      "gc_time_ns": 43132.449822380106,
      "samples": 4504
    },
    "parse/julia": {
      "time_ns": {
        "minimum": 1.039095e6,
        "median": 1.14354e6,
        "mean": 1.2516705594790883e6,
        "maximum": 1.3358401e8,
        "std": 2.6386411477561896e6
      },
      "memory_bytes": 352880,
      "allocations": 5026,
      "gc_time_ns": 54442.311795642374,
      "samples": 3993
    },
    "parse/php": {
      "time_ns": {
        "minimum": 1.059704e6,
        "median": 1.164128e6,
        "mean": 1.2548678006527743e6,
        "maximum": 1.42026082e8,
        "std": 2.8878920397128514e6
      },
      "memory_bytes": 166400,
      "allocations": 1845,
      "gc_time_ns": 45306.679889530504,
      "samples": 3983
    },
    "parse/python": {
      "time_ns": {
        "minimum": 816931.0,
        "median": 918530.0,
        "mean": 982144.955581761,
        "maximum": 6.7523169e7,
        "std": 1.6386600811602112e6
      },
      "memory_bytes": 165168,
      "allocations": 1850,
      "gc_time_ns": 11687.432783018869,
      "samples": 5088
    },
    "parse/ruby": {
      "time_ns": {
        "minimum": 1.017715e6,
        "median": 1.120858e6,
        "mean": 1.2120907380548145e6,
        "maximum": 1.04553181e8,
        "std": 2.6124724285905566e6
      },
      "memory_bytes": 152568,
      "allocations": 1665,
      "gc_time_ns": 14490.718408925539,
      "samples": 4123
    },
    "parse/rust": {
      "time_ns": {
        "minimum": 930182.0,
        "median": 1.03666e6,
        "mean": 1.1152898904262441e6,
        "maximum": 1.37016742e8,
        "std": 2.5604497845150894e6
      },
      "memory_bytes": 167632,
      "allocations": 1841,
      "gc_time_ns": 40762.685338094176,
      "samples": 4481
    },
    "parse/typescript": {
      "time_ns": {
        "minimum": 969074.0,
        "median": 1.073298e6,
        "mean": 1.1369616985210467e6,
        "maximum": 6.8643701e7,
        "std": 1.720167470640343e6
      },
      "memory_bytes": 160928,
      "allocations": 1866,
      "gc_time_ns": 12144.697610921501,
      "samples": 4395
    },
    "stages/baseline": {
      "time_ns": {
        "minimum": 2.696697e7,
        "median": 2.9086994e7,
        "mean": 2.9219820965116277e7,
        "maximum": 4.3790913e7,
        "std": 1.5597479721419753e6
      },
      "memory_bytes": 1177656,
      "allocations": 4851,
      "gc_time_ns": 128203.86627906977,
      "samples": 172
    },
    "stages/clones_exact": {
      "time_ns": {
        "minimum": 2.1097207e7,
        "median": 2.3575852e7,
        "mean": 2.3598310452830188e7,
        "maximum": 2.9125636e7,
        "std": 1.2118985429140537e6
      },
      "memory_bytes": 12188776,
      "allocations": 62505,
      "gc_time_ns": 599226.1698113207,
      "samples": 212
    },
    "stages/clones_near": {
      "time_ns": {
        "minimum": 5.87680065e8,
        "median": 6.02851848e8,
        "mean": 6.002039876666666e8,
        "maximum": 6.11864858e8,
        "std": 8.650573384924088e6
      },
      "memory_bytes": 57900920,
      "allocations": 169343,
      "gc_time_ns": 2.7340443333333335e6,
      "samples": 9
    },
    "stages/cohesion": {
      "time_ns": {
        "minimum": 13365.0,
        "median": 15399.0,
        "mean": 20001.7423,
        "maximum": 1.0635024e7,
        "std": 139731.9206091042
      },
      "memory_bytes": 26568,
      "allocations": 305,
      "gc_time_ns": 2143.3852,
      "samples": 10000
    },
    "stages/corpus_graph": {
      "time_ns": {
        "minimum": 3.8945924e7,
        "median": 4.2027006e7,
        "mean": 4.3115743422413796e7,
        "maximum": 6.8384184e7,
        "std": 4.1853811615397753e6
      },
      "memory_bytes": 7435736,
      "allocations": 119031,
      "gc_time_ns": 532267.4913793104,
      "samples": 116
    },
    "stages/naturalness": {
      "time_ns": {
        "minimum": 4.3997898e7,
        "median": 4.7206767e7,
        "mean": 4.766351529523809e7,
        "maximum": 6.7787401e7,
        "std": 2.8405291564659146e6
      },
      "memory_bytes": 5645448,
      "allocations": 56977,
      "gc_time_ns": 420787.5142857143,
      "samples": 105
    }
  },
  "cpu_threads": 4,
  "git": {
    "branch": "main",
    "commit": "6ca249a3c88a40aa9487b5724ad0d0f3b7f4af5b",
    "dirty": true
  },
  "julia_version": "1.12.6",
  "os": "Linux",
  "timestamp": "2026-06-30T20:58:32Z"
}