{
  "arch": "x86_64",
  "benchmarks": {
    "analyze/corpus": {
      "time_ns": {
        "minimum": 1.39737225e8,
        "median": 1.421869505e8,
        "mean": 1.4959952961764705e8,
        "maximum": 2.73273806e8,
        "std": 2.3259466879502356e7
      },
      "memory_bytes": 25879472,
      "allocations": 233670,
      "gc_time_ns": 5.945914529411765e6,
      "samples": 34
    },
    "calibration": {
      "time_ns": {
        "minimum": 617185.0,
        "median": 624920.0,
        "mean": 622989.9804336989,
        "maximum": 907018.0,
        "std": 7781.57479789773
      },
      "memory_bytes": 0,
      "allocations": 0,
      "gc_time_ns": 0.0,
      "samples": 8024
    },
    "parse/bash": {
      "time_ns": {
        "minimum": 940169.0,
        "median": 979864.0,
        "mean": 1.0564231338266386e6,
        "maximum": 1.5513191e8,
        "std": 3.095989778380085e6
      },
      "memory_bytes": 101288,
      "allocations": 1286,
      "gc_time_ns": 10446.525792811839,
      "samples": 4730
    },
    "parse/c": {
      "time_ns": {
        "minimum": 1.072367e6,
        "median": 1.091288e6,
        "mean": 1.1661123568261378e6,
        "maximum": 8.8477755e7,
        "std": 2.0483211911621997e6
      },
      "memory_bytes": 183984,
      "allocations": 2147,
      "gc_time_ns": 15129.88121353559,
      "samples": 4285
    },
    "parse/cpp": {
      "time_ns": {
        "minimum": 1.160652e6,
        "median": 1.185408e6,
        "mean": 1.297591990392106e6,
        "maximum": 1.62075467e8,
        "std": 3.253654468001364e6
      },
      "memory_bytes": 188288,
      "allocations": 2223,
      "gc_time_ns": 54520.51830693326,
      "samples": 3851
    },
    "parse/go": {
      "time_ns": {
        "minimum": 1.027292e6,
        "median": 1.046869e6,
        "mean": 1.1631114171296295e6,
        "maximum": 1.64099497e8,
        "std": 3.2722314994706744e6
      },
      "memory_bytes": 190912,
      "allocations": 2235,
      "gc_time_ns": 50942.92199074074,
      "samples": 4320
    },
    "parse/java": {
      "time_ns": {
        "minimum": 1.1223e6,
        "median": 1.145283e6,
        "mean": 1.2591964635928445e6,
        "maximum": 1.55900242e8,
        "std": 3.1553020488012764e6
      },
      "memory_bytes": 188672,
      "allocations": 2157,
      "gc_time_ns": 53798.01234567901,
      "samples": 3969
    },
    "parse/javascript": {
      "time_ns": {
        "minimum": 1.211416e6,
        "median": 1.237105e6,
        "mean": 1.3642885252525252e6,
        "maximum": 1.7082881e8,
        "std": 3.4924913445360702e6
      },
      "memory_bytes": 223888,
      "allocations": 2451,
      "gc_time_ns": 65992.97542997543,
      "samples": 3663
    },
    "parse/julia": {
      "time_ns": {
        "minimum": 1.304305e6,
        "median": 1.33943e6,
        "mean": 1.4816157708271567e6,
        "maximum": 1.55715128e8,
        "std": 3.271308801598412e6
      },
      "memory_bytes": 393232,
      "allocations": 5391,
      "gc_time_ns": 73425.25318707382,
      "samples": 3373
    },
    "parse/php": {
      "time_ns": {
        "minimum": 1.311724e6,
        "median": 1.339116e6,
        "mean": 1.4755132872748745e6,
        "maximum": 1.69214502e8,
        "std": 3.778689811843605e6
      },
      "memory_bytes": 200992,
      "allocations": 2242,
      "gc_time_ns": 59556.19692943608,
      "samples": 3387
    },
    "parse/python": {
      "time_ns": {
        "minimum": 1.044504e6,
        "median": 1.066605e6,
        "mean": 1.180007271546635e6,
        "maximum": 1.60700465e8,
        "std": 3.1944955929186875e6
      },
      "memory_bytes": 191328,
      "allocations": 2180,
      "gc_time_ns": 50656.85218417946,
      "samples": 4235
    },
    "parse/ruby": {
      "time_ns": {
        "minimum": 1.266268e6,
        "median": 1.291595e6,
        "mean": 1.4457400361585189e6,
        "maximum": 1.8167095e8,
        "std": 4.20500503775433e6
      },
      "memory_bytes": 185272,
      "allocations": 2029,
      "gc_time_ns": 59438.961816603995,
      "samples": 3457
    },
    "parse/rust": {
      "time_ns": {
        "minimum": 1.178164e6,
        "median": 1.203081e6,
        "mean": 1.316765780237154e6,
        "maximum": 1.60210348e8,
        "std": 3.290122188132368e6
      },
      "memory_bytes": 201328,
      "allocations": 2205,
      "gc_time_ns": 55083.35019762846,
      "samples": 3795
    },
    "parse/typescript": {
      "time_ns": {
        "minimum": 1.209934e6,
        "median": 1.238588e6,
        "mean": 1.3284550058479533e6,
        "maximum": 8.4520256e7,
        "std": 2.336667283235826e6
      },
      "memory_bytes": 186128,
      "allocations": 2223,
      "gc_time_ns": 22906.515683147263,
      "samples": 3762
    },
    "stages/baseline": {
      "time_ns": {
        "minimum": 3.0641991e7,
        "median": 3.28214555e7,
        "mean": 3.2664819545454547e7,
        "maximum": 4.7251388e7,
        "std": 1.5075235332711227e6
      },
      "memory_bytes": 1251000,
      "allocations": 4877,
      "gc_time_ns": 91042.74025974025,
      "samples": 154
    },
    "stages/clones_exact": {
      "time_ns": {
        "minimum": 3.424992e7,
        "median": 3.5942167e7,
        "mean": 3.620753758992806e7,
        "maximum": 4.0283859e7,
        "std": 984767.3203483794
      },
      "memory_bytes": 12188776,
      "allocations": 62505,
      "gc_time_ns": 809558.4892086331,
      "samples": 139
    },
    "stages/clones_near": {
      "time_ns": {
        "minimum": 6.15821406e8,
        "median": 6.18824447e8,
        "mean": 6.197168646666666e8,
        "maximum": 6.25988838e8,
        "std": 3.211651455191199e6
      },
      "memory_bytes": 59857600,
      "allocations": 169360,
      "gc_time_ns": 3.106916111111111e6,
      "samples": 9
    },
    "stages/cohesion": {
      "time_ns": {
        "minimum": 20649.0,
        "median": 21841.0,
        "mean": 27720.0668,
        "maximum": 1.1590296e7,
        "std": 160604.82553703146
      },
      "memory_bytes": 26568,
      "allocations": 305,
      "gc_time_ns": 2523.3834,
      "samples": 10000
    },
    "stages/corpus_graph": {
      "time_ns": {
        "minimum": 4.2132116e7,
        "median": 4.4341822e7,
        "mean": 4.570894750909091e7,
        "maximum": 7.2594655e7,
        "std": 4.860045317340917e6
      },
      "memory_bytes": 7383632,
      "allocations": 119623,
      "gc_time_ns": 612087.0909090909,
      "samples": 110
    },
    "stages/naturalness": {
      "time_ns": {
        "minimum": 4.831146e7,
        "median": 4.9942756e7,
        "mean": 5.0516919121212125e7,
        "maximum": 6.9834276e7,
        "std": 2.785316952832175e6
      },
      "memory_bytes": 5682144,
      "allocations": 57575,
      "gc_time_ns": 438105.0,
      "samples": 99
    }
  },
  "cpu_threads": 4,
  "git": {
    "branch": "main",
    "commit": "fda78c58b1a3bff69eff78adc56efbe22d8fc2cf",
    "dirty": true
  },
  "julia_version": "1.12.6",
  "os": "Linux",
  "timestamp": "2026-07-24T18:34:14Z"
}