{
  "arch": "x86_64",
  "benchmarks": {
    "analyze/corpus": {
      "time_ns": {
        "minimum": 1.38494349e8,
        "median": 1.40912075e8,
        "mean": 1.477682005e8,
        "maximum": 2.65749166e8,
        "std": 2.2077612111605085e7
      },
      "memory_bytes": 25904336,
      "allocations": 234079,
      "gc_time_ns": 5.356579382352941e6,
      "samples": 34
    },
    "calibration": {
      "time_ns": {
        "minimum": 617179.0,
        "median": 624824.0,
        "mean": 622880.2641744548,
        "maximum": 963165.0,
        "std": 10640.837465753157
      },
      "memory_bytes": 0,
      "allocations": 0,
      "gc_time_ns": 0.0,
      "samples": 8025
    },
    "parse/bash": {
      "time_ns": {
        "minimum": 933499.0,
        "median": 977412.0,
        "mean": 1.0476998718808974e6,
        "maximum": 1.42261037e8,
        "std": 2.846940546047966e6
      },
      "memory_bytes": 101288,
      "allocations": 1286,
      "gc_time_ns": 10067.602013000629,
      "samples": 4769
    },
    "parse/c": {
      "time_ns": {
        "minimum": 1.06241e6,
        "median": 1.083344e6,
        "mean": 1.1514742511520737e6,
        "maximum": 8.1396223e7,
        "std": 1.9020037603636452e6
      },
      "memory_bytes": 183984,
      "allocations": 2147,
      "gc_time_ns": 14863.165898617512,
      "samples": 4340
    },
    "parse/cpp": {
      "time_ns": {
        "minimum": 1.153139e6,
        "median": 1.18007e6,
        "mean": 1.2528764289295564e6,
        "maximum": 6.5598746e7,
        "std": 1.8827542551399928e6
      },
      "memory_bytes": 188288,
      "allocations": 2223,
      "gc_time_ns": 20466.18300325896,
      "samples": 3989
    },
    "parse/go": {
      "time_ns": {
        "minimum": 1.009412e6,
        "median": 1.035605e6,
        "mean": 1.141893920703839e6,
        "maximum": 1.54638917e8,
        "std": 3.005468317761025e6
      },
      "memory_bytes": 190912,
      "allocations": 2235,
      "gc_time_ns": 48029.851919561246,
      "samples": 4376
    },
    "parse/java": {
      "time_ns": {
        "minimum": 1.111561e6,
        "median": 1.135066e6,
        "mean": 1.232206467948718e6,
        "maximum": 1.41793288e8,
        "std": 2.7652958596121524e6
      },
      "memory_bytes": 188672,
      "allocations": 2157,
      "gc_time_ns": 47686.789201183434,
      "samples": 4056
    },
    "parse/javascript": {
      "time_ns": {
        "minimum": 1.197882e6,
        "median": 1.221852e6,
        "mean": 1.3264341417197452e6,
        "maximum": 1.51634112e8,
        "std": 3.0472082411451414e6
      },
      "memory_bytes": 223888,
      "allocations": 2451,
      "gc_time_ns": 57074.43577494692,
      "samples": 3768
    },
    "parse/julia": {
      "time_ns": {
        "minimum": 1.284885e6,
        "median": 1.318397e6,
        "mean": 1.4499349782419496e6,
        "maximum": 1.45656252e8,
        "std": 3.0567178345906963e6
      },
      "memory_bytes": 393232,
      "allocations": 5391,
      "gc_time_ns": 68931.91760951553,
      "samples": 3447
    },
    "parse/php": {
      "time_ns": {
        "minimum": 1.306895e6,
        "median": 1.335293e6,
        "mean": 1.4503147066163667e6,
        "maximum": 1.56451042e8,
        "std": 3.3339953025029306e6
      },
      "memory_bytes": 200992,
      "allocations": 2242,
      "gc_time_ns": 53798.144225188626,
      "samples": 3446
    },
    "parse/python": {
      "time_ns": {
        "minimum": 1.033937e6,
        "median": 1.058783e6,
        "mean": 1.1704989559615834e6,
        "maximum": 1.43665362e8,
        "std": 2.839958460172081e6
      },
      "memory_bytes": 191328,
      "allocations": 2180,
      "gc_time_ns": 47185.87046146639,
      "samples": 4269
    },
    "parse/ruby": {
      "time_ns": {
        "minimum": 1.256101e6,
        "median": 1.2847525e6,
        "mean": 1.4302417006296508e6,
        "maximum": 1.69112004e8,
        "std": 3.9200668250157917e6
      },
      "memory_bytes": 185272,
      "allocations": 2029,
      "gc_time_ns": 54582.476531196335,
      "samples": 3494
    },
    "parse/rust": {
      "time_ns": {
        "minimum": 1.16982e6,
        "median": 1.194055e6,
        "mean": 1.3008136048932848e6,
        "maximum": 1.56358903e8,
        "std": 3.075081498397886e6
      },
      "memory_bytes": 201328,
      "allocations": 2205,
      "gc_time_ns": 52581.65981259761,
      "samples": 3842
    },
    "parse/typescript": {
      "time_ns": {
        "minimum": 1.198233e6,
        "median": 1.224667e6,
        "mean": 1.3097769651467504e6,
        "maximum": 7.0300366e7,
        "std": 1.9913805196807422e6
      },
      "memory_bytes": 186128,
      "allocations": 2223,
      "gc_time_ns": 20233.829926624738,
      "samples": 3816
    },
    "stages/baseline": {
      "time_ns": {
        "minimum": 2.9254974e7,
        "median": 2.98317685e7,
        "mean": 3.0287455307228915e7,
        "maximum": 4.549777e7,
        "std": 1.7201907719570075e6
      },
      "memory_bytes": 1251000,
      "allocations": 4877,
      "gc_time_ns": 140139.51204819276,
      "samples": 166
    },
    "stages/clones_exact": {
      "time_ns": {
        "minimum": 3.3547421e7,
        "median": 3.52466315e7,
        "mean": 3.545146490140845e7,
        "maximum": 3.8887263e7,
        "std": 1.1027148429452612e6
      },
      "memory_bytes": 12188776,
      "allocations": 62505,
      "gc_time_ns": 663918.0070422535,
      "samples": 142
    },
    "stages/clones_near": {
      "time_ns": {
        "minimum": 6.1291828e8,
        "median": 6.18327631e8,
        "mean": 6.182694505555556e8,
        "maximum": 6.217935e8,
        "std": 2.6404511798275174e6
      },
      "memory_bytes": 59857600,
      "allocations": 169360,
      "gc_time_ns": 2.967179777777778e6,
      "samples": 9
    },
    "stages/cohesion": {
      "time_ns": {
        "minimum": 20518.0,
        "median": 21620.0,
        "mean": 26478.1356,
        "maximum": 1.0392024e7,
        "std": 145585.61020229786
      },
      "memory_bytes": 26568,
      "allocations": 305,
      "gc_time_ns": 2282.3138,
      "samples": 10000
    },
    "stages/corpus_graph": {
      "time_ns": {
        "minimum": 4.1943708e7,
        "median": 4.3473979e7,
        "mean": 4.5042089576576576e7,
        "maximum": 7.0002763e7,
        "std": 4.526872045313671e6
      },
      "memory_bytes": 7386216,
      "allocations": 119627,
      "gc_time_ns": 526211.7927927928,
      "samples": 111
    },
    "stages/naturalness": {
      "time_ns": {
        "minimum": 4.6616188e7,
        "median": 4.7755795e7,
        "mean": 4.836647034615385e7,
        "maximum": 6.7669832e7,
        "std": 2.663699351511126e6
      },
      "memory_bytes": 5682144,
      "allocations": 57575,
      "gc_time_ns": 392625.76923076925,
      "samples": 104
    }
  },
  "cpu_threads": 4,
  "git": {
    "branch": "main",
    "commit": "d61ff206ab8251e41780c3ce5ebf26fbb326bc34",
    "dirty": true
  },
  "julia_version": "1.12.6",
  "os": "Linux",
  "timestamp": "2026-07-24T22:48:31Z"
}