{
  "arch": "x86_64",
  "benchmarks": {
    "analyze/corpus": {
      "time_ns": {
        "minimum": 1.12860552e8,
        "median": 1.14280077e8,
        "mean": 1.203456345e8,
        "maximum": 2.39111372e8,
        "std": 1.994554860493919e7
      },
      "memory_bytes": 22628344,
      "allocations": 196572,
      "gc_time_ns": 4.506240880952381e6,
      "samples": 42
    },
    "parse/bash": {
      "time_ns": {
        "minimum": 822773.0,
        "median": 863899.0,
        "mean": 934706.7291512915,
        "maximum": 1.8044119e8,
        "std": 3.418989292457127e6
      },
      "memory_bytes": 69264,
      "allocations": 891,
      "gc_time_ns": 8837.270664206642,
      "samples": 5420
    },
    "parse/c": {
      "time_ns": {
        "minimum": 917089.0,
        "median": 948557.0,
        "mean": 1.0078933229124647e6,
        "maximum": 7.2202469e7,
        "std": 1.6474545888003595e6
      },
      "memory_bytes": 159728,
      "allocations": 1827,
      "gc_time_ns": 12207.899757966921,
      "samples": 4958
    },
    "parse/cpp": {
      "time_ns": {
        "minimum": 1.002157e6,
        "median": 1.023667e6,
        "mean": 1.0865433783431181e6,
        "maximum": 6.2725302e7,
        "std": 1.5541976196262776e6
      },
      "memory_bytes": 161920,
      "allocations": 1866,
      "gc_time_ns": 12702.390084801043,
      "samples": 4599
    },
    "parse/go": {
      "time_ns": {
        "minimum": 868719.0,
        "median": 906514.5,
        "mean": 992996.3361660079,
        "maximum": 7.1947948e7,
        "std": 1.8259767829805198e6
      },
      "memory_bytes": 164352,
      "allocations": 1908,
      "gc_time_ns": 15398.468972332015,
      "samples": 5060
    },
    "parse/java": {
      "time_ns": {
        "minimum": 968535.0,
        "median": 997844.0,
        "mean": 1.0595238000424088e6,
        "maximum": 6.3710866e7,
        "std": 1.467650217526562e6
      },
      "memory_bytes": 162736,
      "allocations": 1837,
      "gc_time_ns": 13320.46352841391,
      "samples": 4716
    },
    "parse/javascript": {
      "time_ns": {
        "minimum": 1.011235e6,
        "median": 1.030639e6,
        "mean": 1.127669707966599e6,
        "maximum": 1.41746449e8,
        "std": 2.707033178846929e6
      },
      "memory_bytes": 179696,
      "allocations": 1980,
      "gc_time_ns": 44664.977431730986,
      "samples": 4431
    },
    "parse/julia": {
      "time_ns": {
        "minimum": 1.094319e6,
        "median": 1.11655e6,
        "mean": 1.2312429797979798e6,
        "maximum": 1.33173455e8,
        "std": 2.63513348308054e6
      },
      "memory_bytes": 352768,
      "allocations": 5023,
      "gc_time_ns": 56153.38654841094,
      "samples": 4059
    },
    "parse/php": {
      "time_ns": {
        "minimum": 1.145073e6,
        "median": 1.166493e6,
        "mean": 1.2747274912012243e6,
        "maximum": 1.51865945e8,
        "std": 3.0543906286767097e6
      },
      "memory_bytes": 166384,
      "allocations": 1845,
      "gc_time_ns": 49454.66488140781,
      "samples": 3921
    },
    "parse/python": {
      "time_ns": {
        "minimum": 883426.0,
        "median": 923140.0,
        "mean": 990875.1296847115,
        "maximum": 6.5765655e7,
        "std": 1.6344586086869177e6
      },
      "memory_bytes": 165152,
      "allocations": 1850,
      "gc_time_ns": 12965.708506841165,
      "samples": 5043
    },
    "parse/ruby": {
      "time_ns": {
        "minimum": 1.104217e6,
        "median": 1.12221e6,
        "mean": 1.2110320298037315e6,
        "maximum": 1.01712263e8,
        "std": 2.535858758592426e6
      },
      "memory_bytes": 152552,
      "allocations": 1665,
      "gc_time_ns": 14780.644778289314,
      "samples": 4127
    },
    "parse/rust": {
      "time_ns": {
        "minimum": 1.0249e6,
        "median": 1.043619e6,
        "mean": 1.1327542611060743e6,
        "maximum": 1.36169858e8,
        "std": 2.533759891842832e6
      },
      "memory_bytes": 167616,
      "allocations": 1841,
      "gc_time_ns": 41238.498413417954,
      "samples": 4412
    },
    "parse/typescript": {
      "time_ns": {
        "minimum": 1.053464e6,
        "median": 1.072659e6,
        "mean": 1.1475893579793342e6,
        "maximum": 7.0763897e7,
        "std": 1.7354638732915896e6
      },
      "memory_bytes": 160912,
      "allocations": 1866,
      "gc_time_ns": 12788.879219288174,
      "samples": 4355
    },
    "stages/baseline": {
      "time_ns": {
        "minimum": 2.8889034e7,
        "median": 2.9230787e7,
        "mean": 2.9509347576470587e7,
        "maximum": 4.2701132e7,
        "std": 1.3797634671195666e6
      },
      "memory_bytes": 1177656,
      "allocations": 4851,
      "gc_time_ns": 128768.04705882353,
      "samples": 170
    },
    "stages/clones_exact": {
      "time_ns": {
        "minimum": 2.2378014e7,
        "median": 2.3808693e7,
        "mean": 2.393385248803828e7,
        "maximum": 2.7387838e7,
        "std": 804950.460480202
      },
      "memory_bytes": 12188776,
      "allocations": 62505,
      "gc_time_ns": 620807.2870813397,
      "samples": 209
    },
    "stages/clones_near": {
      "time_ns": {
        "minimum": 6.03350093e8,
        "median": 6.07073419e8,
        "mean": 6.073832653333334e8,
        "maximum": 6.10260283e8,
        "std": 2.246787532819414e6
      },
      "memory_bytes": 57900920,
      "allocations": 169343,
      "gc_time_ns": 2.920050222222222e6,
      "samples": 9
    },
    "stages/cohesion": {
      "time_ns": {
        "minimum": 14437.0,
        "median": 15529.0,
        "mean": 20282.6949,
        "maximum": 1.0265597e7,
        "std": 137025.29659061786
      },
      "memory_bytes": 26568,
      "allocations": 305,
      "gc_time_ns": 2089.465,
      "samples": 10000
    },
    "stages/corpus_graph": {
      "time_ns": {
        "minimum": 4.1699433e7,
        "median": 4.2544377e7,
        "mean": 4.3951824991228074e7,
        "maximum": 6.9359779e7,
        "std": 4.124373450444177e6
      },
      "memory_bytes": 7337688,
      "allocations": 119013,
      "gc_time_ns": 569581.9385964912,
      "samples": 114
    },
    "stages/naturalness": {
      "time_ns": {
        "minimum": 4.7928527e7,
        "median": 4.9082184e7,
        "mean": 4.9537798089108914e7,
        "maximum": 6.8222241e7,
        "std": 2.4624856201541526e6
      },
      "memory_bytes": 5645448,
      "allocations": 56977,
      "gc_time_ns": 395059.7722772277,
      "samples": 101
    }
  },
  "cpu_threads": 4,
  "git": {
    "branch": "main",
    "commit": "15efd7aab224f1e493eaef339d4b67d0e6301122",
    "dirty": false
  },
  "julia_version": "1.12.6",
  "os": "Linux",
  "timestamp": "2026-06-29T13:47:43Z"
}