{
  "arch": "x86_64",
  "benchmarks": {
    "analyze/corpus": {
      "time_ns": {
        "minimum": 1.33905412e8,
        "median": 1.39098331e8,
        "mean": 1.4671569202857143e8,
        "maximum": 2.9060539e8,
        "std": 2.7004141378158644e7
      },
      "memory_bytes": 26302400,
      "allocations": 236031,
      "gc_time_ns": 6.856140771428571e6,
      "samples": 35
    },
    "calibration": {
      "time_ns": {
        "minimum": 687674.0,
        "median": 692557.5,
        "mean": 691859.3285358428,
        "maximum": 761477.0,
        "std": 3372.4192181553462
      },
      "memory_bytes": 0,
      "allocations": 0,
      "gc_time_ns": 0.0,
      "samples": 7226
    },
    "parse/bash": {
      "time_ns": {
        "minimum": 808065.0,
        "median": 835711.0,
        "mean": 899958.692958761,
        "maximum": 1.58734979e8,
        "std": 2.8602048419662495e6
      },
      "memory_bytes": 101288,
      "allocations": 1286,
      "gc_time_ns": 10764.603997839005,
      "samples": 5553
    },
    "parse/c": {
      "time_ns": {
        "minimum": 951115.0,
        "median": 977826.0,
        "mean": 1.0741271276595744e6,
        "maximum": 1.06594704e8,
        "std": 2.6533055813976694e6
      },
      "memory_bytes": 183984,
      "allocations": 2147,
      "gc_time_ns": 25127.451536643028,
      "samples": 4653
    },
    "parse/cpp": {
      "time_ns": {
        "minimum": 1.063814e6,
        "median": 1.088207e6,
        "mean": 1.2145713273390036e6,
        "maximum": 1.85363984e8,
        "std": 3.7245796963357027e6
      },
      "memory_bytes": 188288,
      "allocations": 2223,
      "gc_time_ns": 60160.84228432564,
      "samples": 4115
    },
    "parse/go": {
      "time_ns": {
        "minimum": 861552.0,
        "median": 894058.0,
        "mean": 1.0098531036573045e6,
        "maximum": 1.89342492e8,
        "std": 3.522276835107449e6
      },
      "memory_bytes": 190912,
      "allocations": 2235,
      "gc_time_ns": 53149.13982622752,
      "samples": 4949
    },
    "parse/java": {
      "time_ns": {
        "minimum": 951142.0,
        "median": 985740.0,
        "mean": 1.104332746354397e6,
        "maximum": 1.72151973e8,
        "std": 3.3881822658025674e6
      },
      "memory_bytes": 188672,
      "allocations": 2157,
      "gc_time_ns": 53877.52430402121,
      "samples": 4526
    },
    "parse/javascript": {
      "time_ns": {
        "minimum": 994596.0,
        "median": 1.021011e6,
        "mean": 1.14711073766353e6,
        "maximum": 1.84912065e8,
        "std": 3.726355018794538e6
      },
      "memory_bytes": 223888,
      "allocations": 2451,
      "gc_time_ns": 62366.86527427129,
      "samples": 4357
    },
    "parse/julia": {
      "time_ns": {
        "minimum": 1.175872e6,
        "median": 1.218393e6,
        "mean": 1.3808847974578612e6,
        "maximum": 1.71988775e8,
        "std": 3.708973779524127e6
      },
      "memory_bytes": 393232,
      "allocations": 5391,
      "gc_time_ns": 83151.34153080962,
      "samples": 3619
    },
    "parse/php": {
      "time_ns": {
        "minimum": 1.145183e6,
        "median": 1.171618e6,
        "mean": 1.31239853230042e6,
        "maximum": 1.94866863e8,
        "std": 4.215657713488521e6
      },
      "memory_bytes": 200992,
      "allocations": 2242,
      "gc_time_ns": 60770.247111344535,
      "samples": 3808
    },
    "parse/python": {
      "time_ns": {
        "minimum": 884315.0,
        "median": 914819.5,
        "mean": 1.0337862403806371e6,
        "maximum": 1.78393438e8,
        "std": 3.4967403887529606e6
      },
      "memory_bytes": 191328,
      "allocations": 2180,
      "gc_time_ns": 51489.23251965246,
      "samples": 4834
    },
    "parse/ruby": {
      "time_ns": {
        "minimum": 1.125805e6,
        "median": 1.16085e6,
        "mean": 1.3369658202247191e6,
        "maximum": 2.14190549e8,
        "std": 5.066358706014939e6
      },
      "memory_bytes": 185272,
      "allocations": 2029,
      "gc_time_ns": 63965.304173354736,
      "samples": 3738
    },
    "parse/rust": {
      "time_ns": {
        "minimum": 1.004516e6,
        "median": 1.0297065e6,
        "mean": 1.1639569993013507e6,
        "maximum": 1.86135135e8,
        "std": 3.92259685456651e6
      },
      "memory_bytes": 201328,
      "allocations": 2205,
      "gc_time_ns": 57499.3153237075,
      "samples": 4294
    },
    "parse/typescript": {
      "time_ns": {
        "minimum": 1.043841e6,
        "median": 1.067862e6,
        "mean": 1.1692952709405709e6,
        "maximum": 9.7783287e7,
        "std": 2.7421354876427753e6
      },
      "memory_bytes": 186128,
      "allocations": 2223,
      "gc_time_ns": 24535.930510060833,
      "samples": 4274
    },
    "stages/baseline": {
      "time_ns": {
        "minimum": 2.9742567e7,
        "median": 3.0914236e7,
        "mean": 3.101608300617284e7,
        "maximum": 4.5537831e7,
        "std": 1.1950123113276395e6
      },
      "memory_bytes": 1251000,
      "allocations": 4877,
      "gc_time_ns": 86458.48765432098,
      "samples": 162
    },
    "stages/clones_exact": {
      "time_ns": {
        "minimum": 2.3880696e7,
        "median": 2.6444508e7,
        "mean": 2.6231746712041885e7,
        "maximum": 3.022514e7,
        "std": 1.1733447628179456e6
      },
      "memory_bytes": 12188776,
      "allocations": 62505,
      "gc_time_ns": 1.176917335078534e6,
      "samples": 191
    },
    "stages/clones_near": {
      "time_ns": {
        "minimum": 6.63193243e8,
        "median": 6.74444656e8,
        "mean": 6.75977034625e8,
        "maximum": 7.01108683e8,
        "std": 1.2817659602050522e7
      },
      "memory_bytes": 59857600,
      "allocations": 169360,
      "gc_time_ns": 3.213321e6,
      "samples": 8
    },
    "stages/cohesion": {
      "time_ns": {
        "minimum": 20483.0,
        "median": 22429.0,
        "mean": 26579.0187,
        "maximum": 1.2063937e7,
        "std": 169176.80069274746
      },
      "memory_bytes": 26568,
      "allocations": 305,
      "gc_time_ns": 2373.0732,
      "samples": 10000
    },
    "stages/corpus_graph": {
      "time_ns": {
        "minimum": 4.4187573e7,
        "median": 4.81576665e7,
        "mean": 4.90935407254902e7,
        "maximum": 8.0534151e7,
        "std": 5.463001526207281e6
      },
      "memory_bytes": 7383632,
      "allocations": 119623,
      "gc_time_ns": 700768.4509803922,
      "samples": 102
    },
    "stages/naturalness": {
      "time_ns": {
        "minimum": 4.3690156e7,
        "median": 4.42172655e7,
        "mean": 4.4791756571428575e7,
        "maximum": 6.9655607e7,
        "std": 2.9897832190840933e6
      },
      "memory_bytes": 5682144,
      "allocations": 57575,
      "gc_time_ns": 490872.16071428574,
      "samples": 112
    }
  },
  "cpu_threads": 4,
  "git": {
    "branch": "main",
    "commit": "f88b967fd2dbe47669d9283879ca2f87ea825d0f",
    "dirty": true
  },
  "julia_version": "1.12.6",
  "os": "Linux",
  "timestamp": "2026-07-14T14:52:03Z"
}